2025-06-03 17:21:17,722 [Worker-0: Loading available Gradle versions] INFO  o.e.b.c.i.u.g.PublishedGradleVersions - Gradle version information cache is not available. Remote download required.
2025-06-18 13:33:24,759 [Worker-10: Loading available Gradle versions] INFO  o.e.b.c.i.u.g.PublishedGradleVersions - Gradle version information cache is out-of-date. Trying to update.
2025-08-05 18:51:45,466 [Worker-2: Loading available Gradle versions] INFO  o.e.b.c.i.u.g.PublishedGradleVersions - Gradle version information cache is out-of-date. Trying to update.
2025-08-06 17:31:14,135 [Worker-0: Loading available Gradle versions] INFO  o.e.b.c.i.u.g.PublishedGradleVersions - Gradle version information cache is up-to-date. Trying to read.
2025-08-06 17:47:21,524 [Worker-0: Loading available Gradle versions] INFO  o.e.b.c.i.u.g.PublishedGradleVersions - Gradle version information cache is up-to-date. Trying to read.
2025-08-06 17:50:58,472 [Worker-5: https://testng.org/testng-p2-update-site/updatesites/7.1.0.r202001120626/p2.index] INFO  o.a.h.c.h.i.c.HttpRequestRetryExec - Recoverable I/O exception (java.net.SocketException) caught when processing request to {s}->[https://testng.org:443]
2025-08-06 17:51:05,029 [Worker-17: https://testng.org/testng-p2-update-site/7.9.0/compositeContent.xml] INFO  o.a.h.c.h.i.c.HttpRequestRetryExec - Recoverable I/O exception (java.net.SocketException) caught when processing request to {s}->[https://testng.org:443]
2025-08-06 17:51:07,506 [Worker-15: https://testng.org/testng-p2-update-site/7.10.2/compositeContent.xml] INFO  o.a.h.c.h.i.c.HttpRequestRetryExec - Recoverable I/O exception (java.net.SocketException) caught when processing request to {s}->[https://testng.org:443]
2025-08-07 11:58:28,578 [Worker-0: Loading available Gradle versions] INFO  o.e.b.c.i.u.g.PublishedGradleVersions - Gradle version information cache is out-of-date. Trying to update.
2025-08-07 17:28:42,651 [Worker-0: Loading available Gradle versions] INFO  o.e.b.c.i.u.g.PublishedGradleVersions - Gradle version information cache is up-to-date. Trying to read.
2025-08-11 17:27:18,590 [Worker-2: Loading available Gradle versions] INFO  o.e.b.c.i.u.g.PublishedGradleVersions - Gradle version information cache is out-of-date. Trying to update.
2025-08-11 18:16:37,164 [Worker-0: Loading available Gradle versions] INFO  o.e.b.c.i.u.g.PublishedGradleVersions - Gradle version information cache is up-to-date. Trying to read.
2025-08-12 17:39:35,251 [Worker-0: Loading available Gradle versions] INFO  o.e.b.c.i.u.g.PublishedGradleVersions - Gradle version information cache is out-of-date. Trying to update.
2025-08-13 17:24:53,325 [Worker-1: Loading available Gradle versions] INFO  o.e.b.c.i.u.g.PublishedGradleVersions - Gradle version information cache is up-to-date. Trying to read.
2025-08-13 18:32:08,742 [Worker-13: Loading available Gradle versions] INFO  o.e.b.c.i.u.g.PublishedGradleVersions - Gradle version information cache is out-of-date. Trying to update.
2025-08-18 17:33:46,109 [Worker-9: Loading available Gradle versions] INFO  o.e.b.c.i.u.g.PublishedGradleVersions - Gradle version information cache is out-of-date. Trying to update.
2025-08-19 17:53:45,392 [Worker-0: Loading available Gradle versions] INFO  o.e.b.c.i.u.g.PublishedGradleVersions - Gradle version information cache is out-of-date. Trying to update.
2025-08-21 17:09:30,113 [Worker-0: Loading available Gradle versions] INFO  o.e.b.c.i.u.g.PublishedGradleVersions - Gradle version information cache is out-of-date. Trying to update.
2025-08-21 18:10:36,793 [Worker-0: Loading available Gradle versions] INFO  o.e.b.c.i.u.g.PublishedGradleVersions - Gradle version information cache is up-to-date. Trying to read.
2025-08-22 17:34:57,314 [Worker-0: Loading available Gradle versions] INFO  o.e.b.c.i.u.g.PublishedGradleVersions - Gradle version information cache is out-of-date. Trying to update.
2025-08-26 17:32:02,772 [Worker-0: Loading available Gradle versions] INFO  o.e.b.c.i.u.g.PublishedGradleVersions - Gradle version information cache is out-of-date. Trying to update.
2025-08-28 17:34:01,257 [Worker-1: Loading available Gradle versions] INFO  o.e.b.c.i.u.g.PublishedGradleVersions - Gradle version information cache is out-of-date. Trying to update.
2025-09-01 17:30:23,247 [Worker-0: Loading available Gradle versions] INFO  o.e.b.c.i.u.g.PublishedGradleVersions - Gradle version information cache is out-of-date. Trying to update.
2025-09-02 17:40:08,596 [Worker-0: Loading available Gradle versions] INFO  o.e.b.c.i.u.g.PublishedGradleVersions - Gradle version information cache is out-of-date. Trying to update.
2025-09-04 17:46:14,788 [Worker-0: Loading available Gradle versions] INFO  o.e.b.c.i.u.g.PublishedGradleVersions - Gradle version information cache is out-of-date. Trying to update.
2025-09-05 17:36:31,184 [Worker-0: Loading available Gradle versions] INFO  o.e.b.c.i.u.g.PublishedGradleVersions - Gradle version information cache is up-to-date. Trying to read.
2025-09-08 17:56:10,464 [Worker-0: Loading available Gradle versions] INFO  o.e.b.c.i.u.g.PublishedGradleVersions - Gradle version information cache is out-of-date. Trying to update.
2025-09-09 17:46:47,761 [Worker-0: Loading available Gradle versions] INFO  o.e.b.c.i.u.g.PublishedGradleVersions - Gradle version information cache is up-to-date. Trying to read.
2025-09-10 17:24:50,430 [Worker-2: Loading available Gradle versions] INFO  o.e.b.c.i.u.g.PublishedGradleVersions - Gradle version information cache is out-of-date. Trying to update.
2025-09-11 17:53:45,196 [Worker-0: Loading available Gradle versions] INFO  o.e.b.c.i.u.g.PublishedGradleVersions - Gradle version information cache is out-of-date. Trying to update.
2025-09-12 17:39:33,299 [Worker-3: Loading available Gradle versions] INFO  o.e.b.c.i.u.g.PublishedGradleVersions - Gradle version information cache is up-to-date. Trying to read.
2025-09-12 18:21:54,604 [Worker-14: Launching mavenrun-f5a5f01d-5b22-4390-891f-ca991142b20e] INFO  o.eclipse.m2e.core.internal.Bundles - getClasspathEntries(Bundle=org.eclipse.m2e.maven.runtime_3.9.900.20250220-2013 [639])
2025-09-12 18:21:54,616 [Worker-14: Launching mavenrun-f5a5f01d-5b22-4390-891f-ca991142b20e] INFO  o.eclipse.m2e.core.internal.Bundles - 	Entry: C:\Users\Tops\.p2\pool\plugins\org.eclipse.m2e.maven.runtime_3.9.900.20250220-2013
2025-09-12 18:21:54,617 [Worker-14: Launching mavenrun-f5a5f01d-5b22-4390-891f-ca991142b20e] INFO  o.eclipse.m2e.core.internal.Bundles - 	Entry: C:\Users\Tops\.p2\pool\plugins\org.eclipse.m2e.maven.runtime_3.9.900.20250220-2013\jars\aopalliance-1.0.jar
2025-09-12 18:21:54,619 [Worker-14: Launching mavenrun-f5a5f01d-5b22-4390-891f-ca991142b20e] INFO  o.eclipse.m2e.core.internal.Bundles - 	Entry: C:\Users\Tops\.p2\pool\plugins\org.eclipse.m2e.maven.runtime_3.9.900.20250220-2013\jars\guice-5.1.0.jar
2025-09-12 18:21:54,619 [Worker-14: Launching mavenrun-f5a5f01d-5b22-4390-891f-ca991142b20e] INFO  o.eclipse.m2e.core.internal.Bundles - 	Entry: C:\Users\Tops\.p2\pool\plugins\org.eclipse.m2e.maven.runtime_3.9.900.20250220-2013\jars\httpclient-4.5.14.jar
2025-09-12 18:21:54,619 [Worker-14: Launching mavenrun-f5a5f01d-5b22-4390-891f-ca991142b20e] INFO  o.eclipse.m2e.core.internal.Bundles - 	Entry: C:\Users\Tops\.p2\pool\plugins\org.eclipse.m2e.maven.runtime_3.9.900.20250220-2013\jars\httpcore-4.4.16.jar
2025-09-12 18:21:54,619 [Worker-14: Launching mavenrun-f5a5f01d-5b22-4390-891f-ca991142b20e] INFO  o.eclipse.m2e.core.internal.Bundles - 	Entry: C:\Users\Tops\.p2\pool\plugins\org.eclipse.m2e.maven.runtime_3.9.900.20250220-2013\jars\jansi-2.4.1.jar
2025-09-12 18:21:54,619 [Worker-14: Launching mavenrun-f5a5f01d-5b22-4390-891f-ca991142b20e] INFO  o.eclipse.m2e.core.internal.Bundles - 	Entry: C:\Users\Tops\.p2\pool\plugins\org.eclipse.m2e.maven.runtime_3.9.900.20250220-2013\jars\jcl-over-slf4j-1.7.36.jar
2025-09-12 18:21:54,620 [Worker-14: Launching mavenrun-f5a5f01d-5b22-4390-891f-ca991142b20e] INFO  o.eclipse.m2e.core.internal.Bundles - 	Entry: C:\Users\Tops\.p2\pool\plugins\org.eclipse.m2e.maven.runtime_3.9.900.20250220-2013\jars\maven-artifact-3.9.9.jar
2025-09-12 18:21:54,620 [Worker-14: Launching mavenrun-f5a5f01d-5b22-4390-891f-ca991142b20e] INFO  o.eclipse.m2e.core.internal.Bundles - 	Entry: C:\Users\Tops\.p2\pool\plugins\org.eclipse.m2e.maven.runtime_3.9.900.20250220-2013\jars\maven-builder-support-3.9.9.jar
2025-09-12 18:21:54,620 [Worker-14: Launching mavenrun-f5a5f01d-5b22-4390-891f-ca991142b20e] INFO  o.eclipse.m2e.core.internal.Bundles - 	Entry: C:\Users\Tops\.p2\pool\plugins\org.eclipse.m2e.maven.runtime_3.9.900.20250220-2013\jars\maven-compat-3.9.9.jar
2025-09-12 18:21:54,621 [Worker-14: Launching mavenrun-f5a5f01d-5b22-4390-891f-ca991142b20e] INFO  o.eclipse.m2e.core.internal.Bundles - 	Entry: C:\Users\Tops\.p2\pool\plugins\org.eclipse.m2e.maven.runtime_3.9.900.20250220-2013\jars\maven-core-3.9.9.jar
2025-09-12 18:21:54,621 [Worker-14: Launching mavenrun-f5a5f01d-5b22-4390-891f-ca991142b20e] INFO  o.eclipse.m2e.core.internal.Bundles - 	Entry: C:\Users\Tops\.p2\pool\plugins\org.eclipse.m2e.maven.runtime_3.9.900.20250220-2013\jars\maven-embedder-3.9.9.jar
2025-09-12 18:21:54,621 [Worker-14: Launching mavenrun-f5a5f01d-5b22-4390-891f-ca991142b20e] INFO  o.eclipse.m2e.core.internal.Bundles - 	Entry: C:\Users\Tops\.p2\pool\plugins\org.eclipse.m2e.maven.runtime_3.9.900.20250220-2013\jars\maven-model-3.9.9.jar
2025-09-12 18:21:54,621 [Worker-14: Launching mavenrun-f5a5f01d-5b22-4390-891f-ca991142b20e] INFO  o.eclipse.m2e.core.internal.Bundles - 	Entry: C:\Users\Tops\.p2\pool\plugins\org.eclipse.m2e.maven.runtime_3.9.900.20250220-2013\jars\maven-model-builder-3.9.9.jar
2025-09-12 18:21:54,622 [Worker-14: Launching mavenrun-f5a5f01d-5b22-4390-891f-ca991142b20e] INFO  o.eclipse.m2e.core.internal.Bundles - 	Entry: C:\Users\Tops\.p2\pool\plugins\org.eclipse.m2e.maven.runtime_3.9.900.20250220-2013\jars\maven-plugin-api-3.9.9.jar
2025-09-12 18:21:54,622 [Worker-14: Launching mavenrun-f5a5f01d-5b22-4390-891f-ca991142b20e] INFO  o.eclipse.m2e.core.internal.Bundles - 	Entry: C:\Users\Tops\.p2\pool\plugins\org.eclipse.m2e.maven.runtime_3.9.900.20250220-2013\jars\maven-repository-metadata-3.9.9.jar
2025-09-12 18:21:54,622 [Worker-14: Launching mavenrun-f5a5f01d-5b22-4390-891f-ca991142b20e] INFO  o.eclipse.m2e.core.internal.Bundles - 	Entry: C:\Users\Tops\.p2\pool\plugins\org.eclipse.m2e.maven.runtime_3.9.900.20250220-2013\jars\maven-resolver-api-1.9.22.jar
2025-09-12 18:21:54,622 [Worker-14: Launching mavenrun-f5a5f01d-5b22-4390-891f-ca991142b20e] INFO  o.eclipse.m2e.core.internal.Bundles - 	Entry: C:\Users\Tops\.p2\pool\plugins\org.eclipse.m2e.maven.runtime_3.9.900.20250220-2013\jars\maven-resolver-connector-basic-1.9.22.jar
2025-09-12 18:21:54,622 [Worker-14: Launching mavenrun-f5a5f01d-5b22-4390-891f-ca991142b20e] INFO  o.eclipse.m2e.core.internal.Bundles - 	Entry: C:\Users\Tops\.p2\pool\plugins\org.eclipse.m2e.maven.runtime_3.9.900.20250220-2013\jars\maven-resolver-impl-1.9.22.jar
2025-09-12 18:21:54,623 [Worker-14: Launching mavenrun-f5a5f01d-5b22-4390-891f-ca991142b20e] INFO  o.eclipse.m2e.core.internal.Bundles - 	Entry: C:\Users\Tops\.p2\pool\plugins\org.eclipse.m2e.maven.runtime_3.9.900.20250220-2013\jars\maven-resolver-named-locks-1.9.22.jar
2025-09-12 18:21:54,623 [Worker-14: Launching mavenrun-f5a5f01d-5b22-4390-891f-ca991142b20e] INFO  o.eclipse.m2e.core.internal.Bundles - 	Entry: C:\Users\Tops\.p2\pool\plugins\org.eclipse.m2e.maven.runtime_3.9.900.20250220-2013\jars\maven-resolver-provider-3.9.9.jar
2025-09-12 18:21:54,623 [Worker-14: Launching mavenrun-f5a5f01d-5b22-4390-891f-ca991142b20e] INFO  o.eclipse.m2e.core.internal.Bundles - 	Entry: C:\Users\Tops\.p2\pool\plugins\org.eclipse.m2e.maven.runtime_3.9.900.20250220-2013\jars\maven-resolver-spi-1.9.22.jar
2025-09-12 18:21:54,623 [Worker-14: Launching mavenrun-f5a5f01d-5b22-4390-891f-ca991142b20e] INFO  o.eclipse.m2e.core.internal.Bundles - 	Entry: C:\Users\Tops\.p2\pool\plugins\org.eclipse.m2e.maven.runtime_3.9.900.20250220-2013\jars\maven-resolver-transport-file-1.9.22.jar
2025-09-12 18:21:54,623 [Worker-14: Launching mavenrun-f5a5f01d-5b22-4390-891f-ca991142b20e] INFO  o.eclipse.m2e.core.internal.Bundles - 	Entry: C:\Users\Tops\.p2\pool\plugins\org.eclipse.m2e.maven.runtime_3.9.900.20250220-2013\jars\maven-resolver-transport-http-1.9.22.jar
2025-09-12 18:21:54,624 [Worker-14: Launching mavenrun-f5a5f01d-5b22-4390-891f-ca991142b20e] INFO  o.eclipse.m2e.core.internal.Bundles - 	Entry: C:\Users\Tops\.p2\pool\plugins\org.eclipse.m2e.maven.runtime_3.9.900.20250220-2013\jars\maven-resolver-transport-wagon-1.9.22.jar
2025-09-12 18:21:54,624 [Worker-14: Launching mavenrun-f5a5f01d-5b22-4390-891f-ca991142b20e] INFO  o.eclipse.m2e.core.internal.Bundles - 	Entry: C:\Users\Tops\.p2\pool\plugins\org.eclipse.m2e.maven.runtime_3.9.900.20250220-2013\jars\maven-resolver-util-1.9.22.jar
2025-09-12 18:21:54,624 [Worker-14: Launching mavenrun-f5a5f01d-5b22-4390-891f-ca991142b20e] INFO  o.eclipse.m2e.core.internal.Bundles - 	Entry: C:\Users\Tops\.p2\pool\plugins\org.eclipse.m2e.maven.runtime_3.9.900.20250220-2013\jars\maven-settings-3.9.9.jar
2025-09-12 18:21:54,624 [Worker-14: Launching mavenrun-f5a5f01d-5b22-4390-891f-ca991142b20e] INFO  o.eclipse.m2e.core.internal.Bundles - 	Entry: C:\Users\Tops\.p2\pool\plugins\org.eclipse.m2e.maven.runtime_3.9.900.20250220-2013\jars\maven-settings-builder-3.9.9.jar
2025-09-12 18:21:54,624 [Worker-14: Launching mavenrun-f5a5f01d-5b22-4390-891f-ca991142b20e] INFO  o.eclipse.m2e.core.internal.Bundles - 	Entry: C:\Users\Tops\.p2\pool\plugins\org.eclipse.m2e.maven.runtime_3.9.900.20250220-2013\jars\maven-shared-utils-3.4.2.jar
2025-09-12 18:21:54,625 [Worker-14: Launching mavenrun-f5a5f01d-5b22-4390-891f-ca991142b20e] INFO  o.eclipse.m2e.core.internal.Bundles - 	Entry: C:\Users\Tops\.p2\pool\plugins\org.eclipse.m2e.maven.runtime_3.9.900.20250220-2013\jars\org.eclipse.sisu.inject-0.9.0.M3.jar
2025-09-12 18:21:54,625 [Worker-14: Launching mavenrun-f5a5f01d-5b22-4390-891f-ca991142b20e] INFO  o.eclipse.m2e.core.internal.Bundles - 	Entry: C:\Users\Tops\.p2\pool\plugins\org.eclipse.m2e.maven.runtime_3.9.900.20250220-2013\jars\org.eclipse.sisu.plexus-0.9.0.M3.jar
2025-09-12 18:21:54,625 [Worker-14: Launching mavenrun-f5a5f01d-5b22-4390-891f-ca991142b20e] INFO  o.eclipse.m2e.core.internal.Bundles - 	Entry: C:\Users\Tops\.p2\pool\plugins\org.eclipse.m2e.maven.runtime_3.9.900.20250220-2013\jars\plexus-build-api-0.0.7.jar
2025-09-12 18:21:54,625 [Worker-14: Launching mavenrun-f5a5f01d-5b22-4390-891f-ca991142b20e] INFO  o.eclipse.m2e.core.internal.Bundles - 	Entry: C:\Users\Tops\.p2\pool\plugins\org.eclipse.m2e.maven.runtime_3.9.900.20250220-2013\jars\plexus-build-api-1.2.0.jar
2025-09-12 18:21:54,625 [Worker-14: Launching mavenrun-f5a5f01d-5b22-4390-891f-ca991142b20e] INFO  o.eclipse.m2e.core.internal.Bundles - 	Entry: C:\Users\Tops\.p2\pool\plugins\org.eclipse.m2e.maven.runtime_3.9.900.20250220-2013\jars\plexus-cipher-2.0.jar
2025-09-12 18:21:54,626 [Worker-14: Launching mavenrun-f5a5f01d-5b22-4390-891f-ca991142b20e] INFO  o.eclipse.m2e.core.internal.Bundles - 	Entry: C:\Users\Tops\.p2\pool\plugins\org.eclipse.m2e.maven.runtime_3.9.900.20250220-2013\jars\plexus-classworlds-2.8.0.jar
2025-09-12 18:21:54,626 [Worker-14: Launching mavenrun-f5a5f01d-5b22-4390-891f-ca991142b20e] INFO  o.eclipse.m2e.core.internal.Bundles - 	Entry: C:\Users\Tops\.p2\pool\plugins\org.eclipse.m2e.maven.runtime_3.9.900.20250220-2013\jars\plexus-component-annotations-2.1.0.jar
2025-09-12 18:21:54,626 [Worker-14: Launching mavenrun-f5a5f01d-5b22-4390-891f-ca991142b20e] INFO  o.eclipse.m2e.core.internal.Bundles - 	Entry: C:\Users\Tops\.p2\pool\plugins\org.eclipse.m2e.maven.runtime_3.9.900.20250220-2013\jars\plexus-interpolation-1.27.jar
2025-09-12 18:21:54,626 [Worker-14: Launching mavenrun-f5a5f01d-5b22-4390-891f-ca991142b20e] INFO  o.eclipse.m2e.core.internal.Bundles - 	Entry: C:\Users\Tops\.p2\pool\plugins\org.eclipse.m2e.maven.runtime_3.9.900.20250220-2013\jars\plexus-sec-dispatcher-2.0.jar
2025-09-12 18:21:54,626 [Worker-14: Launching mavenrun-f5a5f01d-5b22-4390-891f-ca991142b20e] INFO  o.eclipse.m2e.core.internal.Bundles - 	Entry: C:\Users\Tops\.p2\pool\plugins\org.eclipse.m2e.maven.runtime_3.9.900.20250220-2013\jars\plexus-utils-3.5.1.jar
2025-09-12 18:21:54,627 [Worker-14: Launching mavenrun-f5a5f01d-5b22-4390-891f-ca991142b20e] INFO  o.eclipse.m2e.core.internal.Bundles - 	Entry: C:\Users\Tops\.p2\pool\plugins\org.eclipse.m2e.maven.runtime_3.9.900.20250220-2013\jars\plexus-xml-3.0.1.jar
2025-09-12 18:21:54,628 [Worker-14: Launching mavenrun-f5a5f01d-5b22-4390-891f-ca991142b20e] INFO  o.eclipse.m2e.core.internal.Bundles - 	Entry: C:\Users\Tops\.p2\pool\plugins\org.eclipse.m2e.maven.runtime_3.9.900.20250220-2013\jars\wagon-file-3.5.3.jar
2025-09-12 18:21:54,628 [Worker-14: Launching mavenrun-f5a5f01d-5b22-4390-891f-ca991142b20e] INFO  o.eclipse.m2e.core.internal.Bundles - 	Entry: C:\Users\Tops\.p2\pool\plugins\org.eclipse.m2e.maven.runtime_3.9.900.20250220-2013\jars\wagon-http-3.5.3.jar
2025-09-12 18:21:54,628 [Worker-14: Launching mavenrun-f5a5f01d-5b22-4390-891f-ca991142b20e] INFO  o.eclipse.m2e.core.internal.Bundles - 	Entry: C:\Users\Tops\.p2\pool\plugins\org.eclipse.m2e.maven.runtime_3.9.900.20250220-2013\jars\wagon-http-shared-3.5.3.jar
2025-09-12 18:21:54,628 [Worker-14: Launching mavenrun-f5a5f01d-5b22-4390-891f-ca991142b20e] INFO  o.eclipse.m2e.core.internal.Bundles - 	Entry: C:\Users\Tops\.p2\pool\plugins\org.eclipse.m2e.maven.runtime_3.9.900.20250220-2013\jars\wagon-provider-api-3.5.3.jar
2025-09-12 18:21:54,631 [Worker-14: Launching mavenrun-f5a5f01d-5b22-4390-891f-ca991142b20e] INFO  o.eclipse.m2e.core.internal.Bundles - getClasspathEntries(Bundle=com.google.guava_33.4.8.jre [18])
2025-09-12 18:21:54,631 [Worker-14: Launching mavenrun-f5a5f01d-5b22-4390-891f-ca991142b20e] INFO  o.eclipse.m2e.core.internal.Bundles - 	Entry: C:\Users\Tops\.p2\pool\plugins\com.google.guava_33.4.8.jre.jar
2025-09-12 18:21:54,631 [Worker-14: Launching mavenrun-f5a5f01d-5b22-4390-891f-ca991142b20e] INFO  o.eclipse.m2e.core.internal.Bundles - getClasspathEntries(Bundle=slf4j.api_2.0.17 [1004])
2025-09-12 18:21:54,632 [Worker-14: Launching mavenrun-f5a5f01d-5b22-4390-891f-ca991142b20e] INFO  o.eclipse.m2e.core.internal.Bundles - 	Entry: C:\Users\Tops\.p2\pool\plugins\slf4j.api_2.0.17.jar
2025-09-12 18:21:54,632 [Worker-14: Launching mavenrun-f5a5f01d-5b22-4390-891f-ca991142b20e] INFO  o.eclipse.m2e.core.internal.Bundles - getClasspathEntries(Bundle=jakarta.inject.jakarta.inject-api_1.0.5 [35])
2025-09-12 18:21:54,632 [Worker-14: Launching mavenrun-f5a5f01d-5b22-4390-891f-ca991142b20e] INFO  o.eclipse.m2e.core.internal.Bundles - 	Entry: C:\Users\Tops\.p2\pool\plugins\jakarta.inject.jakarta.inject-api_1.0.5.jar
2025-09-12 18:21:54,632 [Worker-14: Launching mavenrun-f5a5f01d-5b22-4390-891f-ca991142b20e] INFO  o.eclipse.m2e.core.internal.Bundles - getClasspathEntries(Bundle=javax.annotation_1.3.5.v20200909-1856 [45])
2025-09-12 18:21:54,633 [Worker-14: Launching mavenrun-f5a5f01d-5b22-4390-891f-ca991142b20e] INFO  o.eclipse.m2e.core.internal.Bundles - 	Entry: C:\Users\Tops\.p2\pool\plugins\javax.annotation_1.3.5.v20200909-1856.jar
2025-09-12 18:21:54,633 [Worker-14: Launching mavenrun-f5a5f01d-5b22-4390-891f-ca991142b20e] INFO  o.eclipse.m2e.core.internal.Bundles - getClasspathEntries(Bundle=org.apache.commons.cli_1.9.0 [76])
2025-09-12 18:21:54,633 [Worker-14: Launching mavenrun-f5a5f01d-5b22-4390-891f-ca991142b20e] INFO  o.eclipse.m2e.core.internal.Bundles - 	Entry: C:\Users\Tops\.p2\pool\plugins\org.apache.commons.cli_1.9.0.jar
2025-09-12 18:21:54,633 [Worker-14: Launching mavenrun-f5a5f01d-5b22-4390-891f-ca991142b20e] INFO  o.eclipse.m2e.core.internal.Bundles - getClasspathEntries(Bundle=org.apache.commons.commons-codec_1.16.0 [78])
2025-09-12 18:21:54,634 [Worker-14: Launching mavenrun-f5a5f01d-5b22-4390-891f-ca991142b20e] INFO  o.eclipse.m2e.core.internal.Bundles - 	Entry: C:\Users\Tops\.p2\pool\plugins\org.apache.commons.commons-codec_1.16.0.jar
2025-09-12 18:21:54,634 [Worker-14: Launching mavenrun-f5a5f01d-5b22-4390-891f-ca991142b20e] INFO  o.eclipse.m2e.core.internal.Bundles - getClasspathEntries(Bundle=com.google.guava.failureaccess_1.0.3 [19])
2025-09-12 18:21:54,634 [Worker-14: Launching mavenrun-f5a5f01d-5b22-4390-891f-ca991142b20e] INFO  o.eclipse.m2e.core.internal.Bundles - 	Entry: C:\Users\Tops\.p2\pool\plugins\com.google.guava.failureaccess_1.0.3.jar
2025-09-12 18:21:54,637 [Worker-14: Launching mavenrun-f5a5f01d-5b22-4390-891f-ca991142b20e] INFO  o.e.m.i.launch.MavenLaunchDelegate - Run build in "C:\Users\Tops\AppData\Local\Temp\m2e-archetypeGenerator9775322464277041097":
2025-09-12 18:21:54,639 [Worker-14: Launching mavenrun-f5a5f01d-5b22-4390-891f-ca991142b20e] INFO  o.e.m.i.launch.MavenLaunchDelegate -  mvn  -DarchetypeGroupId=org.apache.maven.archetypes -DarchetypeArtifactId=maven-archetype-webapp -DarchetypeVersion=1.0 -DgroupId=com.tops -DartifactId=JSTL -Dversion=0.0.1-SNAPSHOT -Dpackage=com.tops.JSTL -DoutputDirectory=D:\Chintan_wok\01May_2025_java -Dstyle.color=always -U archetype:generate
2025-09-12 18:22:08,394 [Worker-11: Creating maven-archetype-webapp] INFO  o.e.m.c.i.p.ProjectConfigurationManager - Collecting project info '/pom.xml' D:\Chintan_wok\01May_2025_java\JSTL\pom.xml
2025-09-12 18:22:09,007 [Worker-11: Creating maven-archetype-webapp] INFO  o.e.m.c.i.l.LifecycleMappingFactory - Using org.maven.ide.eclipse.wtp.WarLifecycleMapping lifecycle mapping for MavenProject: com.tops:JSTL:0.0.1-SNAPSHOT @ D:\Chintan_wok\01May_2025_java\JSTL\pom.xml.
2025-09-12 18:22:10,079 [Worker-11: Creating maven-archetype-webapp] INFO  o.e.m.j.i.AbstractJavaProjectConfigurator - Adding source folder /JSTL/src/main/java
2025-09-12 18:22:10,082 [Worker-11: Creating maven-archetype-webapp] INFO  o.e.m.j.i.AbstractJavaProjectConfigurator - Adding resource folder /JSTL/src/main/resources
2025-09-12 18:22:10,082 [Worker-11: Creating maven-archetype-webapp] INFO  o.e.m.j.i.AbstractJavaProjectConfigurator - Adding source folder /JSTL/src/test/java
2025-09-12 18:22:10,083 [Worker-11: Creating maven-archetype-webapp] INFO  o.e.m.j.i.AbstractJavaProjectConfigurator - Adding resource folder /JSTL/src/test/resources
2025-09-12 18:22:10,789 [Worker-11: Creating maven-archetype-webapp] INFO  o.e.m.c.i.p.ProjectConfigurationManager - Imported and configured 1 project(s) in 2 sec
2025-09-12 18:22:11,193 [Worker-11: Building] WARN  o.a.m.s.f.DefaultMavenResourcesFiltering - Using platform encoding (UTF-8 actually) to copy filtered resources, i.e. build is platform dependent!
2025-09-12 18:22:11,197 [Worker-11: Building] INFO  o.a.m.s.f.DefaultMavenResourcesFiltering - Copying 0 resource from src\main\resources to target\classes
2025-09-12 18:22:11,201 [Worker-11: Building] WARN  o.a.m.s.f.DefaultMavenResourcesFiltering - Using platform encoding (UTF-8 actually) to copy filtered resources, i.e. build is platform dependent!
2025-09-12 18:22:11,202 [Worker-11: Building] INFO  o.a.m.s.f.DefaultMavenResourcesFiltering - skip non existing resourceDirectory D:\Chintan_wok\01May_2025_java\JSTL\src\test\resources
2025-09-12 18:22:12,306 [Worker-20: Building] WARN  o.a.m.s.f.DefaultMavenResourcesFiltering - Using platform encoding (UTF-8 actually) to copy filtered resources, i.e. build is platform dependent!
2025-09-12 18:22:12,324 [Worker-20: Building] INFO  o.a.m.s.f.DefaultMavenResourcesFiltering - Copying 0 resource from src\main\resources to target\classes
2025-09-12 18:22:12,328 [Worker-20: Building] WARN  o.a.m.s.f.DefaultMavenResourcesFiltering - Using platform encoding (UTF-8 actually) to copy filtered resources, i.e. build is platform dependent!
2025-09-12 18:22:12,328 [Worker-20: Building] INFO  o.a.m.s.f.DefaultMavenResourcesFiltering - skip non existing resourceDirectory D:\Chintan_wok\01May_2025_java\JSTL\src\test\resources
2025-09-12 18:22:49,533 [Worker-14: Building] WARN  o.a.m.s.f.DefaultMavenResourcesFiltering - Using platform encoding (UTF-8 actually) to copy filtered resources, i.e. build is platform dependent!
2025-09-12 18:22:49,536 [Worker-14: Building] INFO  o.a.m.s.f.DefaultMavenResourcesFiltering - Copying 0 resource from src\main\resources to target\classes
2025-09-12 18:22:49,550 [Worker-14: Building] WARN  o.a.m.s.f.DefaultMavenResourcesFiltering - Using platform encoding (UTF-8 actually) to copy filtered resources, i.e. build is platform dependent!
2025-09-12 18:22:49,551 [Worker-14: Building] INFO  o.a.m.s.f.DefaultMavenResourcesFiltering - skip non existing resourceDirectory D:\Chintan_wok\01May_2025_java\JSTL\src\test\resources
2025-09-12 18:24:23,304 [Worker-17: Building] INFO  o.e.m.c.i.l.LifecycleMappingFactory - Using org.maven.ide.eclipse.wtp.WarLifecycleMapping lifecycle mapping for MavenProject: com.tops:JSTL:0.0.1-SNAPSHOT @ D:\Chintan_wok\01May_2025_java\JSTL\pom.xml.
2025-09-12 18:24:23,333 [Worker-17: Building] WARN  o.e.m.c.i.embedder.EclipseLogger - The artifact mysql:mysql-connector-java:jar:8.0.33 has been relocated to com.mysql:mysql-connector-j:jar:8.0.33: MySQL Connector/J artifacts moved to reverse-DNS compliant Maven 2+ coordinates.
2025-09-12 18:24:23,351 [Worker-17: Building] WARN  o.e.m.c.i.embedder.EclipseLogger - The artifact mysql:mysql-connector-java:jar:8.0.33 has been relocated to com.mysql:mysql-connector-j:jar:8.0.33: MySQL Connector/J artifacts moved to reverse-DNS compliant Maven 2+ coordinates.
2025-09-12 18:24:24,242 [Worker-17: Building] WARN  o.a.m.s.f.DefaultMavenResourcesFiltering - Using platform encoding (UTF-8 actually) to copy filtered resources, i.e. build is platform dependent!
2025-09-12 18:24:24,244 [Worker-17: Building] INFO  o.a.m.s.f.DefaultMavenResourcesFiltering - Copying 0 resource from src\main\resources to target\classes
2025-09-12 18:24:24,251 [Worker-17: Building] WARN  o.a.m.s.f.DefaultMavenResourcesFiltering - Using platform encoding (UTF-8 actually) to copy filtered resources, i.e. build is platform dependent!
2025-09-12 18:24:24,252 [Worker-17: Building] INFO  o.a.m.s.f.DefaultMavenResourcesFiltering - skip non existing resourceDirectory D:\Chintan_wok\01May_2025_java\JSTL\src\test\resources
2025-09-12 18:24:24,252 [Worker-17: Building] INFO  o.e.m.w.i.f.ResourceFilteringBuildParticipant - Changed resources require a complete clean of filtered resources of JSTL
2025-09-12 18:24:24,253 [Worker-17: Building] INFO  o.e.m.w.i.f.ResourceFilteringBuildParticipant - Executing resource filtering for JSTL
2025-09-12 18:24:38,064 [Worker-17: Building] INFO  o.e.m.c.i.l.LifecycleMappingFactory - Using org.maven.ide.eclipse.wtp.WarLifecycleMapping lifecycle mapping for MavenProject: com.tops:JSTL:0.0.1-SNAPSHOT @ D:\Chintan_wok\01May_2025_java\JSTL\pom.xml.
2025-09-12 18:24:38,760 [Worker-17: Building] WARN  o.a.m.s.f.DefaultMavenResourcesFiltering - Using platform encoding (UTF-8 actually) to copy filtered resources, i.e. build is platform dependent!
2025-09-12 18:24:38,762 [Worker-17: Building] INFO  o.a.m.s.f.DefaultMavenResourcesFiltering - Copying 0 resource from src\main\resources to target\classes
2025-09-12 18:24:38,767 [Worker-17: Building] WARN  o.a.m.s.f.DefaultMavenResourcesFiltering - Using platform encoding (UTF-8 actually) to copy filtered resources, i.e. build is platform dependent!
2025-09-12 18:24:38,768 [Worker-17: Building] INFO  o.a.m.s.f.DefaultMavenResourcesFiltering - skip non existing resourceDirectory D:\Chintan_wok\01May_2025_java\JSTL\src\test\resources
2025-09-12 18:24:38,769 [Worker-17: Building] INFO  o.e.m.w.i.f.ResourceFilteringBuildParticipant - Changed resources require a complete clean of filtered resources of JSTL
2025-09-12 18:24:38,769 [Worker-17: Building] INFO  o.e.m.w.i.f.ResourceFilteringBuildParticipant - Executing resource filtering for JSTL
2025-09-12 18:27:44,146 [Worker-14: Building] INFO  o.e.m.c.i.l.LifecycleMappingFactory - Using org.maven.ide.eclipse.wtp.WarLifecycleMapping lifecycle mapping for MavenProject: com.tops:JSTL:0.0.1-SNAPSHOT @ D:\Chintan_wok\01May_2025_java\JSTL\pom.xml.
2025-09-12 18:27:44,539 [Worker-14: Building] INFO  o.e.m.c.i.e.AbstractTransferListenerAdapter - Downloading https://repo.maven.apache.org/maven2/jakarta/servlet/jsp/jstl/jakarta.servlet.jsp.jstl-api/3.0.2/jakarta.servlet.jsp.jstl-api-3.0.2.pom
2025-09-12 18:27:44,551 [Worker-14: Building] INFO  o.e.m.c.i.e.AbstractTransferListenerAdapter - Downloaded https://repo.maven.apache.org/maven2/jakarta/servlet/jsp/jstl/jakarta.servlet.jsp.jstl-api/3.0.2/jakarta.servlet.jsp.jstl-api-3.0.2.pom
2025-09-12 18:27:44,573 [Worker-14: Building] WARN  o.e.m.c.i.embedder.EclipseLogger - The artifact mysql:mysql-connector-java:jar:8.0.33 has been relocated to com.mysql:mysql-connector-j:jar:8.0.33: MySQL Connector/J artifacts moved to reverse-DNS compliant Maven 2+ coordinates.
2025-09-12 18:27:44,658 [Worker-14: Building] INFO  o.e.m.c.i.e.AbstractTransferListenerAdapter - Downloading https://repo.maven.apache.org/maven2/jakarta/servlet/jsp/jstl/jakarta.servlet.jsp.jstl-api/3.0.2/jakarta.servlet.jsp.jstl-api-3.0.2.jar
2025-09-12 18:27:44,752 [Worker-14: Building] INFO  o.e.m.c.i.e.AbstractTransferListenerAdapter - Downloaded https://repo.maven.apache.org/maven2/jakarta/servlet/jsp/jstl/jakarta.servlet.jsp.jstl-api/3.0.2/jakarta.servlet.jsp.jstl-api-3.0.2.jar
2025-09-12 18:27:44,760 [Worker-14: Building] WARN  o.e.m.c.i.embedder.EclipseLogger - The artifact mysql:mysql-connector-java:jar:8.0.33 has been relocated to com.mysql:mysql-connector-j:jar:8.0.33: MySQL Connector/J artifacts moved to reverse-DNS compliant Maven 2+ coordinates.
2025-09-12 18:27:45,492 [Worker-14: Building] WARN  o.a.m.s.f.DefaultMavenResourcesFiltering - Using platform encoding (UTF-8 actually) to copy filtered resources, i.e. build is platform dependent!
2025-09-12 18:27:45,497 [Worker-14: Building] INFO  o.a.m.s.f.DefaultMavenResourcesFiltering - Copying 0 resource from src\main\resources to target\classes
2025-09-12 18:27:45,502 [Worker-14: Building] WARN  o.a.m.s.f.DefaultMavenResourcesFiltering - Using platform encoding (UTF-8 actually) to copy filtered resources, i.e. build is platform dependent!
2025-09-12 18:27:45,502 [Worker-14: Building] INFO  o.a.m.s.f.DefaultMavenResourcesFiltering - skip non existing resourceDirectory D:\Chintan_wok\01May_2025_java\JSTL\src\test\resources
2025-09-12 18:27:45,503 [Worker-14: Building] INFO  o.e.m.w.i.f.ResourceFilteringBuildParticipant - Changed resources require a complete clean of filtered resources of JSTL
2025-09-12 18:27:45,503 [Worker-14: Building] INFO  o.e.m.w.i.f.ResourceFilteringBuildParticipant - Executing resource filtering for JSTL
2025-09-12 18:27:46,451 [Worker-6: Download sources and javadoc] INFO  o.e.m.c.i.e.AbstractTransferListenerAdapter - Downloading https://repo.maven.apache.org/maven2/jakarta/servlet/jsp/jstl/jakarta.servlet.jsp.jstl-api/3.0.2/jakarta.servlet.jsp.jstl-api-3.0.2-sources.jar
2025-09-12 18:27:46,484 [Worker-6: Download sources and javadoc] INFO  o.e.m.c.i.e.AbstractTransferListenerAdapter - Downloaded https://repo.maven.apache.org/maven2/jakarta/servlet/jsp/jstl/jakarta.servlet.jsp.jstl-api/3.0.2/jakarta.servlet.jsp.jstl-api-3.0.2-sources.jar
2025-09-12 18:27:46,490 [Worker-6: Download sources and javadoc] INFO  o.e.m.j.internal.DownloadSourcesJob - Downloaded sources for jakarta.servlet.jsp.jstl:jakarta.servlet.jsp.jstl-api:3.0.2
2025-09-12 18:27:52,150 [Worker-20: Building] INFO  o.e.m.c.i.l.LifecycleMappingFactory - Using org.maven.ide.eclipse.wtp.WarLifecycleMapping lifecycle mapping for MavenProject: com.tops:JSTL:0.0.1-SNAPSHOT @ D:\Chintan_wok\01May_2025_java\JSTL\pom.xml.
2025-09-12 18:27:52,179 [Worker-20: Building] WARN  o.e.m.c.i.embedder.EclipseLogger - The artifact mysql:mysql-connector-java:jar:8.0.33 has been relocated to com.mysql:mysql-connector-j:jar:8.0.33: MySQL Connector/J artifacts moved to reverse-DNS compliant Maven 2+ coordinates.
2025-09-12 18:27:52,779 [Worker-20: Building] WARN  o.a.m.s.f.DefaultMavenResourcesFiltering - Using platform encoding (UTF-8 actually) to copy filtered resources, i.e. build is platform dependent!
2025-09-12 18:27:52,782 [Worker-20: Building] INFO  o.a.m.s.f.DefaultMavenResourcesFiltering - Copying 0 resource from src\main\resources to target\classes
2025-09-12 18:27:52,786 [Worker-20: Building] WARN  o.a.m.s.f.DefaultMavenResourcesFiltering - Using platform encoding (UTF-8 actually) to copy filtered resources, i.e. build is platform dependent!
2025-09-12 18:27:52,786 [Worker-20: Building] INFO  o.a.m.s.f.DefaultMavenResourcesFiltering - skip non existing resourceDirectory D:\Chintan_wok\01May_2025_java\JSTL\src\test\resources
2025-09-12 18:27:52,787 [Worker-20: Building] INFO  o.e.m.w.i.f.ResourceFilteringBuildParticipant - Changed resources require a complete clean of filtered resources of JSTL
2025-09-12 18:27:52,787 [Worker-20: Building] INFO  o.e.m.w.i.f.ResourceFilteringBuildParticipant - Executing resource filtering for JSTL
2025-09-12 18:28:08,566 [Worker-6: Building] WARN  o.a.m.s.f.DefaultMavenResourcesFiltering - Using platform encoding (UTF-8 actually) to copy filtered resources, i.e. build is platform dependent!
2025-09-12 18:28:08,567 [Worker-6: Building] INFO  o.a.m.s.f.DefaultMavenResourcesFiltering - Copying 0 resource from src\main\resources to target\classes
2025-09-12 18:28:08,569 [Worker-6: Building] WARN  o.a.m.s.f.DefaultMavenResourcesFiltering - Using platform encoding (UTF-8 actually) to copy filtered resources, i.e. build is platform dependent!
2025-09-12 18:28:08,570 [Worker-6: Building] INFO  o.a.m.s.f.DefaultMavenResourcesFiltering - skip non existing resourceDirectory D:\Chintan_wok\01May_2025_java\JSTL\src\test\resources
2025-09-12 18:28:16,154 [Worker-21: Building] WARN  o.a.m.s.f.DefaultMavenResourcesFiltering - Using platform encoding (UTF-8 actually) to copy filtered resources, i.e. build is platform dependent!
2025-09-12 18:28:16,155 [Worker-21: Building] INFO  o.a.m.s.f.DefaultMavenResourcesFiltering - Copying 0 resource from src\main\resources to target\classes
2025-09-12 18:28:16,158 [Worker-21: Building] WARN  o.a.m.s.f.DefaultMavenResourcesFiltering - Using platform encoding (UTF-8 actually) to copy filtered resources, i.e. build is platform dependent!
2025-09-12 18:28:16,159 [Worker-21: Building] INFO  o.a.m.s.f.DefaultMavenResourcesFiltering - skip non existing resourceDirectory D:\Chintan_wok\01May_2025_java\JSTL\src\test\resources
2025-09-12 18:28:38,225 [Worker-19: Building] WARN  o.a.m.s.f.DefaultMavenResourcesFiltering - Using platform encoding (UTF-8 actually) to copy filtered resources, i.e. build is platform dependent!
2025-09-12 18:28:38,226 [Worker-19: Building] INFO  o.a.m.s.f.DefaultMavenResourcesFiltering - Copying 0 resource from src\main\resources to target\classes
2025-09-12 18:28:38,232 [Worker-19: Building] WARN  o.a.m.s.f.DefaultMavenResourcesFiltering - Using platform encoding (UTF-8 actually) to copy filtered resources, i.e. build is platform dependent!
2025-09-12 18:28:38,232 [Worker-19: Building] INFO  o.a.m.s.f.DefaultMavenResourcesFiltering - skip non existing resourceDirectory D:\Chintan_wok\01May_2025_java\JSTL\src\test\resources
2025-09-12 18:29:09,779 [Worker-21: Building] WARN  o.a.m.s.f.DefaultMavenResourcesFiltering - Using platform encoding (UTF-8 actually) to copy filtered resources, i.e. build is platform dependent!
2025-09-12 18:29:09,780 [Worker-21: Building] INFO  o.a.m.s.f.DefaultMavenResourcesFiltering - Copying 0 resource from src\main\resources to target\classes
2025-09-12 18:29:09,783 [Worker-21: Building] WARN  o.a.m.s.f.DefaultMavenResourcesFiltering - Using platform encoding (UTF-8 actually) to copy filtered resources, i.e. build is platform dependent!
2025-09-12 18:29:09,784 [Worker-21: Building] INFO  o.a.m.s.f.DefaultMavenResourcesFiltering - skip non existing resourceDirectory D:\Chintan_wok\01May_2025_java\JSTL\src\test\resources
2025-09-12 18:30:14,161 [Worker-19: Building] WARN  o.a.m.s.f.DefaultMavenResourcesFiltering - Using platform encoding (UTF-8 actually) to copy filtered resources, i.e. build is platform dependent!
2025-09-12 18:30:14,163 [Worker-19: Building] INFO  o.a.m.s.f.DefaultMavenResourcesFiltering - Copying 0 resource from src\main\resources to target\classes
2025-09-12 18:30:14,166 [Worker-19: Building] WARN  o.a.m.s.f.DefaultMavenResourcesFiltering - Using platform encoding (UTF-8 actually) to copy filtered resources, i.e. build is platform dependent!
2025-09-12 18:30:14,167 [Worker-19: Building] INFO  o.a.m.s.f.DefaultMavenResourcesFiltering - skip non existing resourceDirectory D:\Chintan_wok\01May_2025_java\JSTL\src\test\resources
2025-09-12 18:30:26,354 [Worker-19: Building] WARN  o.a.m.s.f.DefaultMavenResourcesFiltering - Using platform encoding (UTF-8 actually) to copy filtered resources, i.e. build is platform dependent!
2025-09-12 18:30:26,355 [Worker-19: Building] INFO  o.a.m.s.f.DefaultMavenResourcesFiltering - Copying 0 resource from src\main\resources to target\classes
2025-09-12 18:30:26,358 [Worker-19: Building] WARN  o.a.m.s.f.DefaultMavenResourcesFiltering - Using platform encoding (UTF-8 actually) to copy filtered resources, i.e. build is platform dependent!
2025-09-12 18:30:26,358 [Worker-19: Building] INFO  o.a.m.s.f.DefaultMavenResourcesFiltering - skip non existing resourceDirectory D:\Chintan_wok\01May_2025_java\JSTL\src\test\resources
2025-09-15 18:01:34,965 [Worker-2: Loading available Gradle versions] INFO  o.e.b.c.i.u.g.PublishedGradleVersions - Gradle version information cache is out-of-date. Trying to update.
2025-09-15 18:01:42,036 [Worker-0: Building] WARN  o.e.m.c.i.embedder.EclipseLogger - The artifact mysql:mysql-connector-java:jar:8.0.33 has been relocated to com.mysql:mysql-connector-j:jar:8.0.33: MySQL Connector/J artifacts moved to reverse-DNS compliant Maven 2+ coordinates.
2025-09-15 18:20:07,600 [Worker-17: Building] WARN  o.a.m.s.f.DefaultMavenResourcesFiltering - Using platform encoding (UTF-8 actually) to copy filtered resources, i.e. build is platform dependent!
2025-09-15 18:20:07,611 [Worker-17: Building] INFO  o.a.m.s.f.DefaultMavenResourcesFiltering - Copying 0 resource from src\main\resources to target\classes
2025-09-15 18:20:07,628 [Worker-17: Building] WARN  o.a.m.s.f.DefaultMavenResourcesFiltering - Using platform encoding (UTF-8 actually) to copy filtered resources, i.e. build is platform dependent!
2025-09-15 18:20:07,629 [Worker-17: Building] INFO  o.a.m.s.f.DefaultMavenResourcesFiltering - skip non existing resourceDirectory D:\Chintan_wok\01May_2025_java\JSTL\src\test\resources
2025-09-15 18:22:16,865 [Worker-17: Building] WARN  o.a.m.s.f.DefaultMavenResourcesFiltering - Using platform encoding (UTF-8 actually) to copy filtered resources, i.e. build is platform dependent!
2025-09-15 18:22:16,868 [Worker-17: Building] INFO  o.a.m.s.f.DefaultMavenResourcesFiltering - Copying 0 resource from src\main\resources to target\classes
2025-09-15 18:22:16,876 [Worker-17: Building] WARN  o.a.m.s.f.DefaultMavenResourcesFiltering - Using platform encoding (UTF-8 actually) to copy filtered resources, i.e. build is platform dependent!
2025-09-15 18:22:16,877 [Worker-17: Building] INFO  o.a.m.s.f.DefaultMavenResourcesFiltering - skip non existing resourceDirectory D:\Chintan_wok\01May_2025_java\JSTL\src\test\resources
2025-09-15 18:24:18,836 [Worker-21: Building] WARN  o.a.m.s.f.DefaultMavenResourcesFiltering - Using platform encoding (UTF-8 actually) to copy filtered resources, i.e. build is platform dependent!
2025-09-15 18:24:18,837 [Worker-21: Building] INFO  o.a.m.s.f.DefaultMavenResourcesFiltering - Copying 0 resource from src\main\resources to target\classes
2025-09-15 18:24:18,842 [Worker-21: Building] WARN  o.a.m.s.f.DefaultMavenResourcesFiltering - Using platform encoding (UTF-8 actually) to copy filtered resources, i.e. build is platform dependent!
2025-09-15 18:24:18,842 [Worker-21: Building] INFO  o.a.m.s.f.DefaultMavenResourcesFiltering - skip non existing resourceDirectory D:\Chintan_wok\01May_2025_java\JSTL\src\test\resources
2025-09-15 18:25:23,054 [Worker-21: Building] WARN  o.a.m.s.f.DefaultMavenResourcesFiltering - Using platform encoding (UTF-8 actually) to copy filtered resources, i.e. build is platform dependent!
2025-09-15 18:25:23,055 [Worker-21: Building] INFO  o.a.m.s.f.DefaultMavenResourcesFiltering - Copying 0 resource from src\main\resources to target\classes
2025-09-15 18:25:23,059 [Worker-21: Building] WARN  o.a.m.s.f.DefaultMavenResourcesFiltering - Using platform encoding (UTF-8 actually) to copy filtered resources, i.e. build is platform dependent!
2025-09-15 18:25:23,061 [Worker-21: Building] INFO  o.a.m.s.f.DefaultMavenResourcesFiltering - skip non existing resourceDirectory D:\Chintan_wok\01May_2025_java\JSTL\src\test\resources
2025-09-15 18:25:55,492 [Worker-19: Building] WARN  o.a.m.s.f.DefaultMavenResourcesFiltering - Using platform encoding (UTF-8 actually) to copy filtered resources, i.e. build is platform dependent!
2025-09-15 18:25:55,494 [Worker-19: Building] INFO  o.a.m.s.f.DefaultMavenResourcesFiltering - Copying 0 resource from src\main\resources to target\classes
2025-09-15 18:25:55,498 [Worker-19: Building] WARN  o.a.m.s.f.DefaultMavenResourcesFiltering - Using platform encoding (UTF-8 actually) to copy filtered resources, i.e. build is platform dependent!
2025-09-15 18:25:55,498 [Worker-19: Building] INFO  o.a.m.s.f.DefaultMavenResourcesFiltering - skip non existing resourceDirectory D:\Chintan_wok\01May_2025_java\JSTL\src\test\resources
2025-09-15 18:27:13,174 [Worker-8: Building] WARN  o.a.m.s.f.DefaultMavenResourcesFiltering - Using platform encoding (UTF-8 actually) to copy filtered resources, i.e. build is platform dependent!
2025-09-15 18:27:13,175 [Worker-8: Building] INFO  o.a.m.s.f.DefaultMavenResourcesFiltering - Copying 0 resource from src\main\resources to target\classes
2025-09-15 18:27:13,178 [Worker-8: Building] WARN  o.a.m.s.f.DefaultMavenResourcesFiltering - Using platform encoding (UTF-8 actually) to copy filtered resources, i.e. build is platform dependent!
2025-09-15 18:27:13,179 [Worker-8: Building] INFO  o.a.m.s.f.DefaultMavenResourcesFiltering - skip non existing resourceDirectory D:\Chintan_wok\01May_2025_java\JSTL\src\test\resources
2025-09-15 18:28:53,997 [Worker-17: Building] WARN  o.a.m.s.f.DefaultMavenResourcesFiltering - Using platform encoding (UTF-8 actually) to copy filtered resources, i.e. build is platform dependent!
2025-09-15 18:28:53,999 [Worker-17: Building] INFO  o.a.m.s.f.DefaultMavenResourcesFiltering - Copying 0 resource from src\main\resources to target\classes
2025-09-15 18:28:54,001 [Worker-17: Building] WARN  o.a.m.s.f.DefaultMavenResourcesFiltering - Using platform encoding (UTF-8 actually) to copy filtered resources, i.e. build is platform dependent!
2025-09-15 18:28:54,002 [Worker-17: Building] INFO  o.a.m.s.f.DefaultMavenResourcesFiltering - skip non existing resourceDirectory D:\Chintan_wok\01May_2025_java\JSTL\src\test\resources
2025-09-15 18:29:02,953 [Worker-16: Building] WARN  o.a.m.s.f.DefaultMavenResourcesFiltering - Using platform encoding (UTF-8 actually) to copy filtered resources, i.e. build is platform dependent!
2025-09-15 18:29:02,954 [Worker-16: Building] INFO  o.a.m.s.f.DefaultMavenResourcesFiltering - Copying 0 resource from src\main\resources to target\classes
2025-09-15 18:29:02,958 [Worker-16: Building] WARN  o.a.m.s.f.DefaultMavenResourcesFiltering - Using platform encoding (UTF-8 actually) to copy filtered resources, i.e. build is platform dependent!
2025-09-15 18:29:02,958 [Worker-16: Building] INFO  o.a.m.s.f.DefaultMavenResourcesFiltering - skip non existing resourceDirectory D:\Chintan_wok\01May_2025_java\JSTL\src\test\resources
2025-09-15 18:29:30,862 [Worker-16: Building] WARN  o.a.m.s.f.DefaultMavenResourcesFiltering - Using platform encoding (UTF-8 actually) to copy filtered resources, i.e. build is platform dependent!
2025-09-15 18:29:30,863 [Worker-16: Building] INFO  o.a.m.s.f.DefaultMavenResourcesFiltering - Copying 0 resource from src\main\resources to target\classes
2025-09-15 18:29:30,868 [Worker-16: Building] WARN  o.a.m.s.f.DefaultMavenResourcesFiltering - Using platform encoding (UTF-8 actually) to copy filtered resources, i.e. build is platform dependent!
2025-09-15 18:29:30,869 [Worker-16: Building] INFO  o.a.m.s.f.DefaultMavenResourcesFiltering - skip non existing resourceDirectory D:\Chintan_wok\01May_2025_java\JSTL\src\test\resources
2025-09-15 18:29:48,817 [Worker-20: Building] WARN  o.a.m.s.f.DefaultMavenResourcesFiltering - Using platform encoding (UTF-8 actually) to copy filtered resources, i.e. build is platform dependent!
2025-09-15 18:29:48,819 [Worker-20: Building] INFO  o.a.m.s.f.DefaultMavenResourcesFiltering - Copying 0 resource from src\main\resources to target\classes
2025-09-15 18:29:48,821 [Worker-20: Building] WARN  o.a.m.s.f.DefaultMavenResourcesFiltering - Using platform encoding (UTF-8 actually) to copy filtered resources, i.e. build is platform dependent!
2025-09-15 18:29:48,822 [Worker-20: Building] INFO  o.a.m.s.f.DefaultMavenResourcesFiltering - skip non existing resourceDirectory D:\Chintan_wok\01May_2025_java\JSTL\src\test\resources
2025-09-15 18:30:18,967 [Worker-8: Building] WARN  o.a.m.s.f.DefaultMavenResourcesFiltering - Using platform encoding (UTF-8 actually) to copy filtered resources, i.e. build is platform dependent!
2025-09-15 18:30:18,968 [Worker-8: Building] INFO  o.a.m.s.f.DefaultMavenResourcesFiltering - Copying 0 resource from src\main\resources to target\classes
2025-09-15 18:30:18,971 [Worker-8: Building] WARN  o.a.m.s.f.DefaultMavenResourcesFiltering - Using platform encoding (UTF-8 actually) to copy filtered resources, i.e. build is platform dependent!
2025-09-15 18:30:18,972 [Worker-8: Building] INFO  o.a.m.s.f.DefaultMavenResourcesFiltering - skip non existing resourceDirectory D:\Chintan_wok\01May_2025_java\JSTL\src\test\resources
2025-09-15 18:30:49,705 [Worker-19: Building] WARN  o.a.m.s.f.DefaultMavenResourcesFiltering - Using platform encoding (UTF-8 actually) to copy filtered resources, i.e. build is platform dependent!
2025-09-15 18:30:49,706 [Worker-19: Building] INFO  o.a.m.s.f.DefaultMavenResourcesFiltering - Copying 0 resource from src\main\resources to target\classes
2025-09-15 18:30:49,709 [Worker-19: Building] WARN  o.a.m.s.f.DefaultMavenResourcesFiltering - Using platform encoding (UTF-8 actually) to copy filtered resources, i.e. build is platform dependent!
2025-09-15 18:30:49,710 [Worker-19: Building] INFO  o.a.m.s.f.DefaultMavenResourcesFiltering - skip non existing resourceDirectory D:\Chintan_wok\01May_2025_java\JSTL\src\test\resources
2025-09-15 18:31:12,086 [Worker-20: Building] WARN  o.a.m.s.f.DefaultMavenResourcesFiltering - Using platform encoding (UTF-8 actually) to copy filtered resources, i.e. build is platform dependent!
2025-09-15 18:31:12,086 [Worker-20: Building] INFO  o.a.m.s.f.DefaultMavenResourcesFiltering - Copying 0 resource from src\main\resources to target\classes
2025-09-15 18:31:12,089 [Worker-20: Building] WARN  o.a.m.s.f.DefaultMavenResourcesFiltering - Using platform encoding (UTF-8 actually) to copy filtered resources, i.e. build is platform dependent!
2025-09-15 18:31:12,089 [Worker-20: Building] INFO  o.a.m.s.f.DefaultMavenResourcesFiltering - skip non existing resourceDirectory D:\Chintan_wok\01May_2025_java\JSTL\src\test\resources
2025-09-16 17:17:15,510 [Worker-2: Loading available Gradle versions] INFO  o.e.b.c.i.u.g.PublishedGradleVersions - Gradle version information cache is up-to-date. Trying to read.
2025-09-16 17:17:24,105 [Worker-6: Building] WARN  o.e.m.c.i.embedder.EclipseLogger - The artifact mysql:mysql-connector-java:jar:8.0.33 has been relocated to com.mysql:mysql-connector-j:jar:8.0.33: MySQL Connector/J artifacts moved to reverse-DNS compliant Maven 2+ coordinates.
2025-09-16 17:17:24,870 [Worker-6: Building] WARN  o.a.m.s.f.DefaultMavenResourcesFiltering - Using platform encoding (UTF-8 actually) to copy filtered resources, i.e. build is platform dependent!
2025-09-16 17:17:24,875 [Worker-6: Building] INFO  o.a.m.s.f.DefaultMavenResourcesFiltering - Copying 0 resource from src\main\resources to target\classes
2025-09-16 17:17:24,882 [Worker-6: Building] WARN  o.a.m.s.f.DefaultMavenResourcesFiltering - Using platform encoding (UTF-8 actually) to copy filtered resources, i.e. build is platform dependent!
2025-09-16 17:17:24,883 [Worker-6: Building] INFO  o.a.m.s.f.DefaultMavenResourcesFiltering - skip non existing resourceDirectory D:\Chintan_wok\01May_2025_java\JSTL\src\test\resources
2025-09-16 17:19:07,163 [Worker-13: Launching mavenrun-a07ef136-4eba-4d53-b825-e1a0a3eb4d64] INFO  o.eclipse.m2e.core.internal.Bundles - getClasspathEntries(Bundle=org.eclipse.m2e.maven.runtime_3.9.900.20250220-2013 [639])
2025-09-16 17:19:07,166 [Worker-13: Launching mavenrun-a07ef136-4eba-4d53-b825-e1a0a3eb4d64] INFO  o.eclipse.m2e.core.internal.Bundles - 	Entry: C:\Users\Tops\.p2\pool\plugins\org.eclipse.m2e.maven.runtime_3.9.900.20250220-2013
2025-09-16 17:19:07,167 [Worker-13: Launching mavenrun-a07ef136-4eba-4d53-b825-e1a0a3eb4d64] INFO  o.eclipse.m2e.core.internal.Bundles - 	Entry: C:\Users\Tops\.p2\pool\plugins\org.eclipse.m2e.maven.runtime_3.9.900.20250220-2013\jars\aopalliance-1.0.jar
2025-09-16 17:19:07,167 [Worker-13: Launching mavenrun-a07ef136-4eba-4d53-b825-e1a0a3eb4d64] INFO  o.eclipse.m2e.core.internal.Bundles - 	Entry: C:\Users\Tops\.p2\pool\plugins\org.eclipse.m2e.maven.runtime_3.9.900.20250220-2013\jars\guice-5.1.0.jar
2025-09-16 17:19:07,167 [Worker-13: Launching mavenrun-a07ef136-4eba-4d53-b825-e1a0a3eb4d64] INFO  o.eclipse.m2e.core.internal.Bundles - 	Entry: C:\Users\Tops\.p2\pool\plugins\org.eclipse.m2e.maven.runtime_3.9.900.20250220-2013\jars\httpclient-4.5.14.jar
2025-09-16 17:19:07,168 [Worker-13: Launching mavenrun-a07ef136-4eba-4d53-b825-e1a0a3eb4d64] INFO  o.eclipse.m2e.core.internal.Bundles - 	Entry: C:\Users\Tops\.p2\pool\plugins\org.eclipse.m2e.maven.runtime_3.9.900.20250220-2013\jars\httpcore-4.4.16.jar
2025-09-16 17:19:07,168 [Worker-13: Launching mavenrun-a07ef136-4eba-4d53-b825-e1a0a3eb4d64] INFO  o.eclipse.m2e.core.internal.Bundles - 	Entry: C:\Users\Tops\.p2\pool\plugins\org.eclipse.m2e.maven.runtime_3.9.900.20250220-2013\jars\jansi-2.4.1.jar
2025-09-16 17:19:07,168 [Worker-13: Launching mavenrun-a07ef136-4eba-4d53-b825-e1a0a3eb4d64] INFO  o.eclipse.m2e.core.internal.Bundles - 	Entry: C:\Users\Tops\.p2\pool\plugins\org.eclipse.m2e.maven.runtime_3.9.900.20250220-2013\jars\jcl-over-slf4j-1.7.36.jar
2025-09-16 17:19:07,168 [Worker-13: Launching mavenrun-a07ef136-4eba-4d53-b825-e1a0a3eb4d64] INFO  o.eclipse.m2e.core.internal.Bundles - 	Entry: C:\Users\Tops\.p2\pool\plugins\org.eclipse.m2e.maven.runtime_3.9.900.20250220-2013\jars\maven-artifact-3.9.9.jar
2025-09-16 17:19:07,169 [Worker-13: Launching mavenrun-a07ef136-4eba-4d53-b825-e1a0a3eb4d64] INFO  o.eclipse.m2e.core.internal.Bundles - 	Entry: C:\Users\Tops\.p2\pool\plugins\org.eclipse.m2e.maven.runtime_3.9.900.20250220-2013\jars\maven-builder-support-3.9.9.jar
2025-09-16 17:19:07,169 [Worker-13: Launching mavenrun-a07ef136-4eba-4d53-b825-e1a0a3eb4d64] INFO  o.eclipse.m2e.core.internal.Bundles - 	Entry: C:\Users\Tops\.p2\pool\plugins\org.eclipse.m2e.maven.runtime_3.9.900.20250220-2013\jars\maven-compat-3.9.9.jar
2025-09-16 17:19:07,169 [Worker-13: Launching mavenrun-a07ef136-4eba-4d53-b825-e1a0a3eb4d64] INFO  o.eclipse.m2e.core.internal.Bundles - 	Entry: C:\Users\Tops\.p2\pool\plugins\org.eclipse.m2e.maven.runtime_3.9.900.20250220-2013\jars\maven-core-3.9.9.jar
2025-09-16 17:19:07,169 [Worker-13: Launching mavenrun-a07ef136-4eba-4d53-b825-e1a0a3eb4d64] INFO  o.eclipse.m2e.core.internal.Bundles - 	Entry: C:\Users\Tops\.p2\pool\plugins\org.eclipse.m2e.maven.runtime_3.9.900.20250220-2013\jars\maven-embedder-3.9.9.jar
2025-09-16 17:19:07,169 [Worker-13: Launching mavenrun-a07ef136-4eba-4d53-b825-e1a0a3eb4d64] INFO  o.eclipse.m2e.core.internal.Bundles - 	Entry: C:\Users\Tops\.p2\pool\plugins\org.eclipse.m2e.maven.runtime_3.9.900.20250220-2013\jars\maven-model-3.9.9.jar
2025-09-16 17:19:07,170 [Worker-13: Launching mavenrun-a07ef136-4eba-4d53-b825-e1a0a3eb4d64] INFO  o.eclipse.m2e.core.internal.Bundles - 	Entry: C:\Users\Tops\.p2\pool\plugins\org.eclipse.m2e.maven.runtime_3.9.900.20250220-2013\jars\maven-model-builder-3.9.9.jar
2025-09-16 17:19:07,170 [Worker-13: Launching mavenrun-a07ef136-4eba-4d53-b825-e1a0a3eb4d64] INFO  o.eclipse.m2e.core.internal.Bundles - 	Entry: C:\Users\Tops\.p2\pool\plugins\org.eclipse.m2e.maven.runtime_3.9.900.20250220-2013\jars\maven-plugin-api-3.9.9.jar
2025-09-16 17:19:07,170 [Worker-13: Launching mavenrun-a07ef136-4eba-4d53-b825-e1a0a3eb4d64] INFO  o.eclipse.m2e.core.internal.Bundles - 	Entry: C:\Users\Tops\.p2\pool\plugins\org.eclipse.m2e.maven.runtime_3.9.900.20250220-2013\jars\maven-repository-metadata-3.9.9.jar
2025-09-16 17:19:07,170 [Worker-13: Launching mavenrun-a07ef136-4eba-4d53-b825-e1a0a3eb4d64] INFO  o.eclipse.m2e.core.internal.Bundles - 	Entry: C:\Users\Tops\.p2\pool\plugins\org.eclipse.m2e.maven.runtime_3.9.900.20250220-2013\jars\maven-resolver-api-1.9.22.jar
2025-09-16 17:19:07,171 [Worker-13: Launching mavenrun-a07ef136-4eba-4d53-b825-e1a0a3eb4d64] INFO  o.eclipse.m2e.core.internal.Bundles - 	Entry: C:\Users\Tops\.p2\pool\plugins\org.eclipse.m2e.maven.runtime_3.9.900.20250220-2013\jars\maven-resolver-connector-basic-1.9.22.jar
2025-09-16 17:19:07,172 [Worker-13: Launching mavenrun-a07ef136-4eba-4d53-b825-e1a0a3eb4d64] INFO  o.eclipse.m2e.core.internal.Bundles - 	Entry: C:\Users\Tops\.p2\pool\plugins\org.eclipse.m2e.maven.runtime_3.9.900.20250220-2013\jars\maven-resolver-impl-1.9.22.jar
2025-09-16 17:19:07,172 [Worker-13: Launching mavenrun-a07ef136-4eba-4d53-b825-e1a0a3eb4d64] INFO  o.eclipse.m2e.core.internal.Bundles - 	Entry: C:\Users\Tops\.p2\pool\plugins\org.eclipse.m2e.maven.runtime_3.9.900.20250220-2013\jars\maven-resolver-named-locks-1.9.22.jar
2025-09-16 17:19:07,172 [Worker-13: Launching mavenrun-a07ef136-4eba-4d53-b825-e1a0a3eb4d64] INFO  o.eclipse.m2e.core.internal.Bundles - 	Entry: C:\Users\Tops\.p2\pool\plugins\org.eclipse.m2e.maven.runtime_3.9.900.20250220-2013\jars\maven-resolver-provider-3.9.9.jar
2025-09-16 17:19:07,173 [Worker-13: Launching mavenrun-a07ef136-4eba-4d53-b825-e1a0a3eb4d64] INFO  o.eclipse.m2e.core.internal.Bundles - 	Entry: C:\Users\Tops\.p2\pool\plugins\org.eclipse.m2e.maven.runtime_3.9.900.20250220-2013\jars\maven-resolver-spi-1.9.22.jar
2025-09-16 17:19:07,173 [Worker-13: Launching mavenrun-a07ef136-4eba-4d53-b825-e1a0a3eb4d64] INFO  o.eclipse.m2e.core.internal.Bundles - 	Entry: C:\Users\Tops\.p2\pool\plugins\org.eclipse.m2e.maven.runtime_3.9.900.20250220-2013\jars\maven-resolver-transport-file-1.9.22.jar
2025-09-16 17:19:07,173 [Worker-13: Launching mavenrun-a07ef136-4eba-4d53-b825-e1a0a3eb4d64] INFO  o.eclipse.m2e.core.internal.Bundles - 	Entry: C:\Users\Tops\.p2\pool\plugins\org.eclipse.m2e.maven.runtime_3.9.900.20250220-2013\jars\maven-resolver-transport-http-1.9.22.jar
2025-09-16 17:19:07,173 [Worker-13: Launching mavenrun-a07ef136-4eba-4d53-b825-e1a0a3eb4d64] INFO  o.eclipse.m2e.core.internal.Bundles - 	Entry: C:\Users\Tops\.p2\pool\plugins\org.eclipse.m2e.maven.runtime_3.9.900.20250220-2013\jars\maven-resolver-transport-wagon-1.9.22.jar
2025-09-16 17:19:07,173 [Worker-13: Launching mavenrun-a07ef136-4eba-4d53-b825-e1a0a3eb4d64] INFO  o.eclipse.m2e.core.internal.Bundles - 	Entry: C:\Users\Tops\.p2\pool\plugins\org.eclipse.m2e.maven.runtime_3.9.900.20250220-2013\jars\maven-resolver-util-1.9.22.jar
2025-09-16 17:19:07,174 [Worker-13: Launching mavenrun-a07ef136-4eba-4d53-b825-e1a0a3eb4d64] INFO  o.eclipse.m2e.core.internal.Bundles - 	Entry: C:\Users\Tops\.p2\pool\plugins\org.eclipse.m2e.maven.runtime_3.9.900.20250220-2013\jars\maven-settings-3.9.9.jar
2025-09-16 17:19:07,174 [Worker-13: Launching mavenrun-a07ef136-4eba-4d53-b825-e1a0a3eb4d64] INFO  o.eclipse.m2e.core.internal.Bundles - 	Entry: C:\Users\Tops\.p2\pool\plugins\org.eclipse.m2e.maven.runtime_3.9.900.20250220-2013\jars\maven-settings-builder-3.9.9.jar
2025-09-16 17:19:07,174 [Worker-13: Launching mavenrun-a07ef136-4eba-4d53-b825-e1a0a3eb4d64] INFO  o.eclipse.m2e.core.internal.Bundles - 	Entry: C:\Users\Tops\.p2\pool\plugins\org.eclipse.m2e.maven.runtime_3.9.900.20250220-2013\jars\maven-shared-utils-3.4.2.jar
2025-09-16 17:19:07,174 [Worker-13: Launching mavenrun-a07ef136-4eba-4d53-b825-e1a0a3eb4d64] INFO  o.eclipse.m2e.core.internal.Bundles - 	Entry: C:\Users\Tops\.p2\pool\plugins\org.eclipse.m2e.maven.runtime_3.9.900.20250220-2013\jars\org.eclipse.sisu.inject-0.9.0.M3.jar
2025-09-16 17:19:07,175 [Worker-13: Launching mavenrun-a07ef136-4eba-4d53-b825-e1a0a3eb4d64] INFO  o.eclipse.m2e.core.internal.Bundles - 	Entry: C:\Users\Tops\.p2\pool\plugins\org.eclipse.m2e.maven.runtime_3.9.900.20250220-2013\jars\org.eclipse.sisu.plexus-0.9.0.M3.jar
2025-09-16 17:19:07,175 [Worker-13: Launching mavenrun-a07ef136-4eba-4d53-b825-e1a0a3eb4d64] INFO  o.eclipse.m2e.core.internal.Bundles - 	Entry: C:\Users\Tops\.p2\pool\plugins\org.eclipse.m2e.maven.runtime_3.9.900.20250220-2013\jars\plexus-build-api-0.0.7.jar
2025-09-16 17:19:07,175 [Worker-13: Launching mavenrun-a07ef136-4eba-4d53-b825-e1a0a3eb4d64] INFO  o.eclipse.m2e.core.internal.Bundles - 	Entry: C:\Users\Tops\.p2\pool\plugins\org.eclipse.m2e.maven.runtime_3.9.900.20250220-2013\jars\plexus-build-api-1.2.0.jar
2025-09-16 17:19:07,175 [Worker-13: Launching mavenrun-a07ef136-4eba-4d53-b825-e1a0a3eb4d64] INFO  o.eclipse.m2e.core.internal.Bundles - 	Entry: C:\Users\Tops\.p2\pool\plugins\org.eclipse.m2e.maven.runtime_3.9.900.20250220-2013\jars\plexus-cipher-2.0.jar
2025-09-16 17:19:07,175 [Worker-13: Launching mavenrun-a07ef136-4eba-4d53-b825-e1a0a3eb4d64] INFO  o.eclipse.m2e.core.internal.Bundles - 	Entry: C:\Users\Tops\.p2\pool\plugins\org.eclipse.m2e.maven.runtime_3.9.900.20250220-2013\jars\plexus-classworlds-2.8.0.jar
2025-09-16 17:19:07,176 [Worker-13: Launching mavenrun-a07ef136-4eba-4d53-b825-e1a0a3eb4d64] INFO  o.eclipse.m2e.core.internal.Bundles - 	Entry: C:\Users\Tops\.p2\pool\plugins\org.eclipse.m2e.maven.runtime_3.9.900.20250220-2013\jars\plexus-component-annotations-2.1.0.jar
2025-09-16 17:19:07,176 [Worker-13: Launching mavenrun-a07ef136-4eba-4d53-b825-e1a0a3eb4d64] INFO  o.eclipse.m2e.core.internal.Bundles - 	Entry: C:\Users\Tops\.p2\pool\plugins\org.eclipse.m2e.maven.runtime_3.9.900.20250220-2013\jars\plexus-interpolation-1.27.jar
2025-09-16 17:19:07,176 [Worker-13: Launching mavenrun-a07ef136-4eba-4d53-b825-e1a0a3eb4d64] INFO  o.eclipse.m2e.core.internal.Bundles - 	Entry: C:\Users\Tops\.p2\pool\plugins\org.eclipse.m2e.maven.runtime_3.9.900.20250220-2013\jars\plexus-sec-dispatcher-2.0.jar
2025-09-16 17:19:07,176 [Worker-13: Launching mavenrun-a07ef136-4eba-4d53-b825-e1a0a3eb4d64] INFO  o.eclipse.m2e.core.internal.Bundles - 	Entry: C:\Users\Tops\.p2\pool\plugins\org.eclipse.m2e.maven.runtime_3.9.900.20250220-2013\jars\plexus-utils-3.5.1.jar
2025-09-16 17:19:07,176 [Worker-13: Launching mavenrun-a07ef136-4eba-4d53-b825-e1a0a3eb4d64] INFO  o.eclipse.m2e.core.internal.Bundles - 	Entry: C:\Users\Tops\.p2\pool\plugins\org.eclipse.m2e.maven.runtime_3.9.900.20250220-2013\jars\plexus-xml-3.0.1.jar
2025-09-16 17:19:07,177 [Worker-13: Launching mavenrun-a07ef136-4eba-4d53-b825-e1a0a3eb4d64] INFO  o.eclipse.m2e.core.internal.Bundles - 	Entry: C:\Users\Tops\.p2\pool\plugins\org.eclipse.m2e.maven.runtime_3.9.900.20250220-2013\jars\wagon-file-3.5.3.jar
2025-09-16 17:19:07,177 [Worker-13: Launching mavenrun-a07ef136-4eba-4d53-b825-e1a0a3eb4d64] INFO  o.eclipse.m2e.core.internal.Bundles - 	Entry: C:\Users\Tops\.p2\pool\plugins\org.eclipse.m2e.maven.runtime_3.9.900.20250220-2013\jars\wagon-http-3.5.3.jar
2025-09-16 17:19:07,177 [Worker-13: Launching mavenrun-a07ef136-4eba-4d53-b825-e1a0a3eb4d64] INFO  o.eclipse.m2e.core.internal.Bundles - 	Entry: C:\Users\Tops\.p2\pool\plugins\org.eclipse.m2e.maven.runtime_3.9.900.20250220-2013\jars\wagon-http-shared-3.5.3.jar
2025-09-16 17:19:07,177 [Worker-13: Launching mavenrun-a07ef136-4eba-4d53-b825-e1a0a3eb4d64] INFO  o.eclipse.m2e.core.internal.Bundles - 	Entry: C:\Users\Tops\.p2\pool\plugins\org.eclipse.m2e.maven.runtime_3.9.900.20250220-2013\jars\wagon-provider-api-3.5.3.jar
2025-09-16 17:19:07,179 [Worker-13: Launching mavenrun-a07ef136-4eba-4d53-b825-e1a0a3eb4d64] INFO  o.eclipse.m2e.core.internal.Bundles - getClasspathEntries(Bundle=com.google.guava_33.4.8.jre [18])
2025-09-16 17:19:07,180 [Worker-13: Launching mavenrun-a07ef136-4eba-4d53-b825-e1a0a3eb4d64] INFO  o.eclipse.m2e.core.internal.Bundles - 	Entry: C:\Users\Tops\.p2\pool\plugins\com.google.guava_33.4.8.jre.jar
2025-09-16 17:19:07,180 [Worker-13: Launching mavenrun-a07ef136-4eba-4d53-b825-e1a0a3eb4d64] INFO  o.eclipse.m2e.core.internal.Bundles - getClasspathEntries(Bundle=slf4j.api_2.0.17 [1004])
2025-09-16 17:19:07,180 [Worker-13: Launching mavenrun-a07ef136-4eba-4d53-b825-e1a0a3eb4d64] INFO  o.eclipse.m2e.core.internal.Bundles - 	Entry: C:\Users\Tops\.p2\pool\plugins\slf4j.api_2.0.17.jar
2025-09-16 17:19:07,181 [Worker-13: Launching mavenrun-a07ef136-4eba-4d53-b825-e1a0a3eb4d64] INFO  o.eclipse.m2e.core.internal.Bundles - getClasspathEntries(Bundle=jakarta.inject.jakarta.inject-api_1.0.5 [35])
2025-09-16 17:19:07,181 [Worker-13: Launching mavenrun-a07ef136-4eba-4d53-b825-e1a0a3eb4d64] INFO  o.eclipse.m2e.core.internal.Bundles - 	Entry: C:\Users\Tops\.p2\pool\plugins\jakarta.inject.jakarta.inject-api_1.0.5.jar
2025-09-16 17:19:07,181 [Worker-13: Launching mavenrun-a07ef136-4eba-4d53-b825-e1a0a3eb4d64] INFO  o.eclipse.m2e.core.internal.Bundles - getClasspathEntries(Bundle=javax.annotation_1.3.5.v20200909-1856 [45])
2025-09-16 17:19:07,181 [Worker-13: Launching mavenrun-a07ef136-4eba-4d53-b825-e1a0a3eb4d64] INFO  o.eclipse.m2e.core.internal.Bundles - 	Entry: C:\Users\Tops\.p2\pool\plugins\javax.annotation_1.3.5.v20200909-1856.jar
2025-09-16 17:19:07,182 [Worker-13: Launching mavenrun-a07ef136-4eba-4d53-b825-e1a0a3eb4d64] INFO  o.eclipse.m2e.core.internal.Bundles - getClasspathEntries(Bundle=org.apache.commons.cli_1.9.0 [76])
2025-09-16 17:19:07,182 [Worker-13: Launching mavenrun-a07ef136-4eba-4d53-b825-e1a0a3eb4d64] INFO  o.eclipse.m2e.core.internal.Bundles - 	Entry: C:\Users\Tops\.p2\pool\plugins\org.apache.commons.cli_1.9.0.jar
2025-09-16 17:19:07,182 [Worker-13: Launching mavenrun-a07ef136-4eba-4d53-b825-e1a0a3eb4d64] INFO  o.eclipse.m2e.core.internal.Bundles - getClasspathEntries(Bundle=org.apache.commons.commons-codec_1.16.0 [78])
2025-09-16 17:19:07,183 [Worker-13: Launching mavenrun-a07ef136-4eba-4d53-b825-e1a0a3eb4d64] INFO  o.eclipse.m2e.core.internal.Bundles - 	Entry: C:\Users\Tops\.p2\pool\plugins\org.apache.commons.commons-codec_1.16.0.jar
2025-09-16 17:19:07,183 [Worker-13: Launching mavenrun-a07ef136-4eba-4d53-b825-e1a0a3eb4d64] INFO  o.eclipse.m2e.core.internal.Bundles - getClasspathEntries(Bundle=com.google.guava.failureaccess_1.0.3 [19])
2025-09-16 17:19:07,183 [Worker-13: Launching mavenrun-a07ef136-4eba-4d53-b825-e1a0a3eb4d64] INFO  o.eclipse.m2e.core.internal.Bundles - 	Entry: C:\Users\Tops\.p2\pool\plugins\com.google.guava.failureaccess_1.0.3.jar
2025-09-16 17:19:07,186 [Worker-13: Launching mavenrun-a07ef136-4eba-4d53-b825-e1a0a3eb4d64] INFO  o.e.m.i.launch.MavenLaunchDelegate - Run build in "C:\Users\Tops\AppData\Local\Temp\m2e-archetypeGenerator2736196413344443217":
2025-09-16 17:19:07,192 [Worker-13: Launching mavenrun-a07ef136-4eba-4d53-b825-e1a0a3eb4d64] INFO  o.e.m.i.launch.MavenLaunchDelegate -  mvn  -DarchetypeGroupId=org.apache.maven.archetypes -DarchetypeArtifactId=maven-archetype-webapp -DarchetypeVersion=1.0 -DgroupId=com.tops -DartifactId=MailSending -Dversion=0.0.1-SNAPSHOT -Dpackage=com.tops.MailSending -DoutputDirectory=D:\Chintan_wok\01May_2025_java -Dstyle.color=always -U archetype:generate
2025-09-16 17:20:05,559 [Worker-3: Creating maven-archetype-webapp] INFO  o.e.m.c.i.p.ProjectConfigurationManager - Collecting project info '/pom.xml' D:\Chintan_wok\01May_2025_java\MailSending\pom.xml
2025-09-16 17:20:05,923 [Worker-3: Creating maven-archetype-webapp] INFO  o.e.m.c.i.l.LifecycleMappingFactory - Using org.maven.ide.eclipse.wtp.WarLifecycleMapping lifecycle mapping for MavenProject: com.tops:MailSending:0.0.1-SNAPSHOT @ D:\Chintan_wok\01May_2025_java\MailSending\pom.xml.
2025-09-16 17:20:06,676 [Worker-3: Creating maven-archetype-webapp] INFO  o.e.m.j.i.AbstractJavaProjectConfigurator - Adding source folder /MailSending/src/main/java
2025-09-16 17:20:06,678 [Worker-3: Creating maven-archetype-webapp] INFO  o.e.m.j.i.AbstractJavaProjectConfigurator - Adding resource folder /MailSending/src/main/resources
2025-09-16 17:20:06,679 [Worker-3: Creating maven-archetype-webapp] INFO  o.e.m.j.i.AbstractJavaProjectConfigurator - Adding source folder /MailSending/src/test/java
2025-09-16 17:20:06,680 [Worker-3: Creating maven-archetype-webapp] INFO  o.e.m.j.i.AbstractJavaProjectConfigurator - Adding resource folder /MailSending/src/test/resources
2025-09-16 17:20:07,876 [Worker-3: Creating maven-archetype-webapp] INFO  o.e.m.c.i.p.ProjectConfigurationManager - Imported and configured 1 project(s) in 2 sec
2025-09-16 17:20:08,281 [Worker-7: Building] WARN  o.a.m.s.f.DefaultMavenResourcesFiltering - Using platform encoding (UTF-8 actually) to copy filtered resources, i.e. build is platform dependent!
2025-09-16 17:20:08,282 [Worker-7: Building] INFO  o.a.m.s.f.DefaultMavenResourcesFiltering - Copying 0 resource from src\main\resources to target\classes
2025-09-16 17:20:08,285 [Worker-7: Building] WARN  o.a.m.s.f.DefaultMavenResourcesFiltering - Using platform encoding (UTF-8 actually) to copy filtered resources, i.e. build is platform dependent!
2025-09-16 17:20:08,286 [Worker-7: Building] INFO  o.a.m.s.f.DefaultMavenResourcesFiltering - skip non existing resourceDirectory D:\Chintan_wok\01May_2025_java\MailSending\src\test\resources
2025-09-16 17:20:35,452 [Worker-11: Building] WARN  o.a.m.s.f.DefaultMavenResourcesFiltering - Using platform encoding (UTF-8 actually) to copy filtered resources, i.e. build is platform dependent!
2025-09-16 17:20:35,455 [Worker-11: Building] INFO  o.a.m.s.f.DefaultMavenResourcesFiltering - Copying 0 resource from src\main\resources to target\classes
2025-09-16 17:20:35,462 [Worker-11: Building] WARN  o.a.m.s.f.DefaultMavenResourcesFiltering - Using platform encoding (UTF-8 actually) to copy filtered resources, i.e. build is platform dependent!
2025-09-16 17:20:35,464 [Worker-11: Building] INFO  o.a.m.s.f.DefaultMavenResourcesFiltering - skip non existing resourceDirectory D:\Chintan_wok\01May_2025_java\MailSending\src\test\resources
2025-09-16 17:20:49,485 [Worker-8: Building] INFO  o.e.m.c.i.l.LifecycleMappingFactory - Using org.maven.ide.eclipse.wtp.WarLifecycleMapping lifecycle mapping for MavenProject: com.tops:MailSending:0.0.1-SNAPSHOT @ D:\Chintan_wok\01May_2025_java\MailSending\pom.xml.
2025-09-16 17:20:49,603 [Worker-8: Building] WARN  o.a.m.s.f.DefaultMavenResourcesFiltering - Using platform encoding (UTF-8 actually) to copy filtered resources, i.e. build is platform dependent!
2025-09-16 17:20:49,604 [Worker-8: Building] INFO  o.a.m.s.f.DefaultMavenResourcesFiltering - Copying 0 resource from src\main\resources to target\classes
2025-09-16 17:20:49,609 [Worker-8: Building] WARN  o.a.m.s.f.DefaultMavenResourcesFiltering - Using platform encoding (UTF-8 actually) to copy filtered resources, i.e. build is platform dependent!
2025-09-16 17:20:49,610 [Worker-8: Building] INFO  o.a.m.s.f.DefaultMavenResourcesFiltering - skip non existing resourceDirectory D:\Chintan_wok\01May_2025_java\MailSending\src\test\resources
2025-09-16 17:20:49,610 [Worker-8: Building] INFO  o.e.m.w.i.f.ResourceFilteringBuildParticipant - Changed resources require a complete clean of filtered resources of MailSending
2025-09-16 17:20:49,611 [Worker-8: Building] INFO  o.e.m.w.i.f.ResourceFilteringBuildParticipant - Executing resource filtering for MailSending
2025-09-16 17:24:52,634 [Worker-14: Building] WARN  o.a.m.s.f.DefaultMavenResourcesFiltering - Using platform encoding (UTF-8 actually) to copy filtered resources, i.e. build is platform dependent!
2025-09-16 17:24:52,635 [Worker-14: Building] INFO  o.a.m.s.f.DefaultMavenResourcesFiltering - Copying 0 resource from src\main\resources to target\classes
2025-09-16 17:24:52,638 [Worker-14: Building] WARN  o.a.m.s.f.DefaultMavenResourcesFiltering - Using platform encoding (UTF-8 actually) to copy filtered resources, i.e. build is platform dependent!
2025-09-16 17:24:52,640 [Worker-14: Building] INFO  o.a.m.s.f.DefaultMavenResourcesFiltering - Copying 0 resource from src\test\resources to target\test-classes
2025-09-16 17:25:09,544 [Worker-9: Building] WARN  o.a.m.s.f.DefaultMavenResourcesFiltering - Using platform encoding (UTF-8 actually) to copy filtered resources, i.e. build is platform dependent!
2025-09-16 17:25:09,586 [Worker-9: Building] INFO  o.a.m.s.f.DefaultMavenResourcesFiltering - Copying 0 resource from src\main\resources to target\classes
2025-09-16 17:25:09,600 [Worker-9: Building] WARN  o.a.m.s.f.DefaultMavenResourcesFiltering - Using platform encoding (UTF-8 actually) to copy filtered resources, i.e. build is platform dependent!
2025-09-16 17:25:09,609 [Worker-9: Building] INFO  o.a.m.s.f.DefaultMavenResourcesFiltering - Copying 0 resource from src\test\resources to target\test-classes
2025-09-16 17:25:55,947 [Worker-14: Building] WARN  o.a.m.s.f.DefaultMavenResourcesFiltering - Using platform encoding (UTF-8 actually) to copy filtered resources, i.e. build is platform dependent!
2025-09-16 17:25:55,948 [Worker-14: Building] INFO  o.a.m.s.f.DefaultMavenResourcesFiltering - Copying 0 resource from src\main\resources to target\classes
2025-09-16 17:25:55,951 [Worker-14: Building] WARN  o.a.m.s.f.DefaultMavenResourcesFiltering - Using platform encoding (UTF-8 actually) to copy filtered resources, i.e. build is platform dependent!
2025-09-16 17:25:55,953 [Worker-14: Building] INFO  o.a.m.s.f.DefaultMavenResourcesFiltering - Copying 0 resource from src\test\resources to target\test-classes
2025-09-16 17:27:51,141 [Worker-15: Building] WARN  o.a.m.s.f.DefaultMavenResourcesFiltering - Using platform encoding (UTF-8 actually) to copy filtered resources, i.e. build is platform dependent!
2025-09-16 17:27:51,143 [Worker-15: Building] INFO  o.a.m.s.f.DefaultMavenResourcesFiltering - Copying 0 resource from src\main\resources to target\classes
2025-09-16 17:27:51,146 [Worker-15: Building] WARN  o.a.m.s.f.DefaultMavenResourcesFiltering - Using platform encoding (UTF-8 actually) to copy filtered resources, i.e. build is platform dependent!
2025-09-16 17:27:51,147 [Worker-15: Building] INFO  o.a.m.s.f.DefaultMavenResourcesFiltering - Copying 0 resource from src\test\resources to target\test-classes
2025-09-16 17:28:46,487 [Worker-7: Building] WARN  o.a.m.s.f.DefaultMavenResourcesFiltering - Using platform encoding (UTF-8 actually) to copy filtered resources, i.e. build is platform dependent!
2025-09-16 17:28:46,488 [Worker-7: Building] INFO  o.a.m.s.f.DefaultMavenResourcesFiltering - Copying 0 resource from src\main\resources to target\classes
2025-09-16 17:28:46,495 [Worker-7: Building] WARN  o.a.m.s.f.DefaultMavenResourcesFiltering - Using platform encoding (UTF-8 actually) to copy filtered resources, i.e. build is platform dependent!
2025-09-16 17:28:46,497 [Worker-7: Building] INFO  o.a.m.s.f.DefaultMavenResourcesFiltering - Copying 0 resource from src\test\resources to target\test-classes
2025-09-16 17:30:42,084 [Worker-16: Building] WARN  o.a.m.s.f.DefaultMavenResourcesFiltering - Using platform encoding (UTF-8 actually) to copy filtered resources, i.e. build is platform dependent!
2025-09-16 17:30:42,085 [Worker-16: Building] INFO  o.a.m.s.f.DefaultMavenResourcesFiltering - Copying 0 resource from src\main\resources to target\classes
2025-09-16 17:30:42,088 [Worker-16: Building] WARN  o.a.m.s.f.DefaultMavenResourcesFiltering - Using platform encoding (UTF-8 actually) to copy filtered resources, i.e. build is platform dependent!
2025-09-16 17:30:42,090 [Worker-16: Building] INFO  o.a.m.s.f.DefaultMavenResourcesFiltering - Copying 0 resource from src\test\resources to target\test-classes
2025-09-16 17:31:27,763 [Worker-17: Building] WARN  o.a.m.s.f.DefaultMavenResourcesFiltering - Using platform encoding (UTF-8 actually) to copy filtered resources, i.e. build is platform dependent!
2025-09-16 17:31:27,764 [Worker-17: Building] INFO  o.a.m.s.f.DefaultMavenResourcesFiltering - Copying 0 resource from src\main\resources to target\classes
2025-09-16 17:31:27,768 [Worker-17: Building] WARN  o.a.m.s.f.DefaultMavenResourcesFiltering - Using platform encoding (UTF-8 actually) to copy filtered resources, i.e. build is platform dependent!
2025-09-16 17:31:27,770 [Worker-17: Building] INFO  o.a.m.s.f.DefaultMavenResourcesFiltering - Copying 0 resource from src\test\resources to target\test-classes
2025-09-16 17:31:35,797 [Worker-7: Building] WARN  o.a.m.s.f.DefaultMavenResourcesFiltering - Using platform encoding (UTF-8 actually) to copy filtered resources, i.e. build is platform dependent!
2025-09-16 17:31:35,800 [Worker-7: Building] INFO  o.a.m.s.f.DefaultMavenResourcesFiltering - Copying 0 resource from src\main\resources to target\classes
2025-09-16 17:31:35,811 [Worker-7: Building] WARN  o.a.m.s.f.DefaultMavenResourcesFiltering - Using platform encoding (UTF-8 actually) to copy filtered resources, i.e. build is platform dependent!
2025-09-16 17:31:35,812 [Worker-7: Building] INFO  o.a.m.s.f.DefaultMavenResourcesFiltering - Copying 0 resource from src\test\resources to target\test-classes
2025-09-16 17:33:45,959 [Worker-14: Building] WARN  o.a.m.s.f.DefaultMavenResourcesFiltering - Using platform encoding (UTF-8 actually) to copy filtered resources, i.e. build is platform dependent!
2025-09-16 17:33:45,960 [Worker-14: Building] INFO  o.a.m.s.f.DefaultMavenResourcesFiltering - Copying 0 resource from src\main\resources to target\classes
2025-09-16 17:33:45,963 [Worker-14: Building] WARN  o.a.m.s.f.DefaultMavenResourcesFiltering - Using platform encoding (UTF-8 actually) to copy filtered resources, i.e. build is platform dependent!
2025-09-16 17:33:45,964 [Worker-14: Building] INFO  o.a.m.s.f.DefaultMavenResourcesFiltering - Copying 0 resource from src\test\resources to target\test-classes
2025-09-16 17:33:52,208 [Worker-17: Building] WARN  o.a.m.s.f.DefaultMavenResourcesFiltering - Using platform encoding (UTF-8 actually) to copy filtered resources, i.e. build is platform dependent!
2025-09-16 17:33:52,209 [Worker-17: Building] INFO  o.a.m.s.f.DefaultMavenResourcesFiltering - Copying 0 resource from src\main\resources to target\classes
2025-09-16 17:33:52,213 [Worker-17: Building] WARN  o.a.m.s.f.DefaultMavenResourcesFiltering - Using platform encoding (UTF-8 actually) to copy filtered resources, i.e. build is platform dependent!
2025-09-16 17:33:52,214 [Worker-17: Building] INFO  o.a.m.s.f.DefaultMavenResourcesFiltering - Copying 0 resource from src\test\resources to target\test-classes
2025-09-16 17:34:36,443 [Worker-22: Building] WARN  o.a.m.s.f.DefaultMavenResourcesFiltering - Using platform encoding (UTF-8 actually) to copy filtered resources, i.e. build is platform dependent!
2025-09-16 17:34:36,445 [Worker-22: Building] INFO  o.a.m.s.f.DefaultMavenResourcesFiltering - Copying 0 resource from src\main\resources to target\classes
2025-09-16 17:34:36,449 [Worker-22: Building] WARN  o.a.m.s.f.DefaultMavenResourcesFiltering - Using platform encoding (UTF-8 actually) to copy filtered resources, i.e. build is platform dependent!
2025-09-16 17:34:36,451 [Worker-22: Building] INFO  o.a.m.s.f.DefaultMavenResourcesFiltering - Copying 0 resource from src\test\resources to target\test-classes
2025-09-16 17:36:08,302 [Worker-19: Building] WARN  o.a.m.s.f.DefaultMavenResourcesFiltering - Using platform encoding (UTF-8 actually) to copy filtered resources, i.e. build is platform dependent!
2025-09-16 17:36:08,303 [Worker-19: Building] INFO  o.a.m.s.f.DefaultMavenResourcesFiltering - Copying 0 resource from src\main\resources to target\classes
2025-09-16 17:36:08,307 [Worker-19: Building] WARN  o.a.m.s.f.DefaultMavenResourcesFiltering - Using platform encoding (UTF-8 actually) to copy filtered resources, i.e. build is platform dependent!
2025-09-16 17:36:08,308 [Worker-19: Building] INFO  o.a.m.s.f.DefaultMavenResourcesFiltering - Copying 0 resource from src\test\resources to target\test-classes
2025-09-16 17:41:15,753 [Worker-22: Building] WARN  o.a.m.s.f.DefaultMavenResourcesFiltering - Using platform encoding (UTF-8 actually) to copy filtered resources, i.e. build is platform dependent!
2025-09-16 17:41:15,754 [Worker-22: Building] INFO  o.a.m.s.f.DefaultMavenResourcesFiltering - Copying 0 resource from src\main\resources to target\classes
2025-09-16 17:41:15,758 [Worker-22: Building] WARN  o.a.m.s.f.DefaultMavenResourcesFiltering - Using platform encoding (UTF-8 actually) to copy filtered resources, i.e. build is platform dependent!
2025-09-16 17:41:15,759 [Worker-22: Building] INFO  o.a.m.s.f.DefaultMavenResourcesFiltering - Copying 0 resource from src\test\resources to target\test-classes
2025-09-16 17:41:51,127 [Worker-22: Building] WARN  o.a.m.s.f.DefaultMavenResourcesFiltering - Using platform encoding (UTF-8 actually) to copy filtered resources, i.e. build is platform dependent!
2025-09-16 17:41:51,128 [Worker-22: Building] INFO  o.a.m.s.f.DefaultMavenResourcesFiltering - Copying 0 resource from src\main\resources to target\classes
2025-09-16 17:41:51,134 [Worker-22: Building] WARN  o.a.m.s.f.DefaultMavenResourcesFiltering - Using platform encoding (UTF-8 actually) to copy filtered resources, i.e. build is platform dependent!
2025-09-16 17:41:51,135 [Worker-22: Building] INFO  o.a.m.s.f.DefaultMavenResourcesFiltering - Copying 0 resource from src\test\resources to target\test-classes
2025-09-16 17:45:07,888 [Worker-17: Building] WARN  o.a.m.s.f.DefaultMavenResourcesFiltering - Using platform encoding (UTF-8 actually) to copy filtered resources, i.e. build is platform dependent!
2025-09-16 17:45:07,889 [Worker-17: Building] INFO  o.a.m.s.f.DefaultMavenResourcesFiltering - Copying 0 resource from src\main\resources to target\classes
2025-09-16 17:45:07,892 [Worker-17: Building] WARN  o.a.m.s.f.DefaultMavenResourcesFiltering - Using platform encoding (UTF-8 actually) to copy filtered resources, i.e. build is platform dependent!
2025-09-16 17:45:07,893 [Worker-17: Building] INFO  o.a.m.s.f.DefaultMavenResourcesFiltering - Copying 0 resource from src\test\resources to target\test-classes
2025-09-16 17:45:12,291 [Worker-24: Building] WARN  o.a.m.s.f.DefaultMavenResourcesFiltering - Using platform encoding (UTF-8 actually) to copy filtered resources, i.e. build is platform dependent!
2025-09-16 17:45:12,292 [Worker-24: Building] INFO  o.a.m.s.f.DefaultMavenResourcesFiltering - Copying 0 resource from src\main\resources to target\classes
2025-09-16 17:45:12,295 [Worker-24: Building] WARN  o.a.m.s.f.DefaultMavenResourcesFiltering - Using platform encoding (UTF-8 actually) to copy filtered resources, i.e. build is platform dependent!
2025-09-16 17:45:12,295 [Worker-24: Building] INFO  o.a.m.s.f.DefaultMavenResourcesFiltering - Copying 0 resource from src\test\resources to target\test-classes
2025-09-16 17:45:17,705 [Worker-23: Building] WARN  o.a.m.s.f.DefaultMavenResourcesFiltering - Using platform encoding (UTF-8 actually) to copy filtered resources, i.e. build is platform dependent!
2025-09-16 17:45:17,706 [Worker-23: Building] INFO  o.a.m.s.f.DefaultMavenResourcesFiltering - Copying 0 resource from src\main\resources to target\classes
2025-09-16 17:45:17,708 [Worker-23: Building] WARN  o.a.m.s.f.DefaultMavenResourcesFiltering - Using platform encoding (UTF-8 actually) to copy filtered resources, i.e. build is platform dependent!
2025-09-16 17:45:17,709 [Worker-23: Building] INFO  o.a.m.s.f.DefaultMavenResourcesFiltering - Copying 0 resource from src\test\resources to target\test-classes
2025-09-16 17:45:39,585 [Worker-17: Building] WARN  o.a.m.s.f.DefaultMavenResourcesFiltering - Using platform encoding (UTF-8 actually) to copy filtered resources, i.e. build is platform dependent!
2025-09-16 17:45:39,586 [Worker-17: Building] INFO  o.a.m.s.f.DefaultMavenResourcesFiltering - Copying 0 resource from src\main\resources to target\classes
2025-09-16 17:45:39,591 [Worker-17: Building] WARN  o.a.m.s.f.DefaultMavenResourcesFiltering - Using platform encoding (UTF-8 actually) to copy filtered resources, i.e. build is platform dependent!
2025-09-16 17:45:39,592 [Worker-17: Building] INFO  o.a.m.s.f.DefaultMavenResourcesFiltering - Copying 0 resource from src\test\resources to target\test-classes
2025-09-16 17:45:42,523 [Worker-17: Building] WARN  o.a.m.s.f.DefaultMavenResourcesFiltering - Using platform encoding (UTF-8 actually) to copy filtered resources, i.e. build is platform dependent!
2025-09-16 17:45:42,526 [Worker-17: Building] INFO  o.a.m.s.f.DefaultMavenResourcesFiltering - Copying 0 resource from src\main\resources to target\classes
2025-09-16 17:45:42,533 [Worker-17: Building] WARN  o.a.m.s.f.DefaultMavenResourcesFiltering - Using platform encoding (UTF-8 actually) to copy filtered resources, i.e. build is platform dependent!
2025-09-16 17:45:42,534 [Worker-17: Building] INFO  o.a.m.s.f.DefaultMavenResourcesFiltering - Copying 0 resource from src\test\resources to target\test-classes
2025-09-16 17:46:12,070 [Worker-19: Building] WARN  o.a.m.s.f.DefaultMavenResourcesFiltering - Using platform encoding (UTF-8 actually) to copy filtered resources, i.e. build is platform dependent!
2025-09-16 17:46:12,071 [Worker-19: Building] INFO  o.a.m.s.f.DefaultMavenResourcesFiltering - Copying 0 resource from src\main\resources to target\classes
2025-09-16 17:46:12,074 [Worker-19: Building] WARN  o.a.m.s.f.DefaultMavenResourcesFiltering - Using platform encoding (UTF-8 actually) to copy filtered resources, i.e. build is platform dependent!
2025-09-16 17:46:12,075 [Worker-19: Building] INFO  o.a.m.s.f.DefaultMavenResourcesFiltering - Copying 0 resource from src\test\resources to target\test-classes
2025-09-16 17:46:23,457 [Worker-23: Building] WARN  o.a.m.s.f.DefaultMavenResourcesFiltering - Using platform encoding (UTF-8 actually) to copy filtered resources, i.e. build is platform dependent!
2025-09-16 17:46:23,458 [Worker-23: Building] INFO  o.a.m.s.f.DefaultMavenResourcesFiltering - Copying 0 resource from src\main\resources to target\classes
2025-09-16 17:46:23,460 [Worker-23: Building] WARN  o.a.m.s.f.DefaultMavenResourcesFiltering - Using platform encoding (UTF-8 actually) to copy filtered resources, i.e. build is platform dependent!
2025-09-16 17:46:23,461 [Worker-23: Building] INFO  o.a.m.s.f.DefaultMavenResourcesFiltering - Copying 0 resource from src\test\resources to target\test-classes
2025-09-16 17:47:41,490 [Worker-24: Building] WARN  o.a.m.s.f.DefaultMavenResourcesFiltering - Using platform encoding (UTF-8 actually) to copy filtered resources, i.e. build is platform dependent!
2025-09-16 17:47:41,491 [Worker-24: Building] INFO  o.a.m.s.f.DefaultMavenResourcesFiltering - Copying 0 resource from src\main\resources to target\classes
2025-09-16 17:47:41,494 [Worker-24: Building] WARN  o.a.m.s.f.DefaultMavenResourcesFiltering - Using platform encoding (UTF-8 actually) to copy filtered resources, i.e. build is platform dependent!
2025-09-16 17:47:41,494 [Worker-24: Building] INFO  o.a.m.s.f.DefaultMavenResourcesFiltering - Copying 0 resource from src\test\resources to target\test-classes
2025-09-16 17:47:50,181 [Worker-22: Building] WARN  o.a.m.s.f.DefaultMavenResourcesFiltering - Using platform encoding (UTF-8 actually) to copy filtered resources, i.e. build is platform dependent!
2025-09-16 17:47:50,182 [Worker-22: Building] INFO  o.a.m.s.f.DefaultMavenResourcesFiltering - Copying 0 resource from src\main\resources to target\classes
2025-09-16 17:47:50,187 [Worker-22: Building] WARN  o.a.m.s.f.DefaultMavenResourcesFiltering - Using platform encoding (UTF-8 actually) to copy filtered resources, i.e. build is platform dependent!
2025-09-16 17:47:50,188 [Worker-22: Building] INFO  o.a.m.s.f.DefaultMavenResourcesFiltering - Copying 0 resource from src\test\resources to target\test-classes
2025-09-16 17:48:35,500 [Worker-22: Building] WARN  o.a.m.s.f.DefaultMavenResourcesFiltering - Using platform encoding (UTF-8 actually) to copy filtered resources, i.e. build is platform dependent!
2025-09-16 17:48:35,501 [Worker-22: Building] INFO  o.a.m.s.f.DefaultMavenResourcesFiltering - Copying 0 resource from src\main\resources to target\classes
2025-09-16 17:48:35,505 [Worker-22: Building] WARN  o.a.m.s.f.DefaultMavenResourcesFiltering - Using platform encoding (UTF-8 actually) to copy filtered resources, i.e. build is platform dependent!
2025-09-16 17:48:35,506 [Worker-22: Building] INFO  o.a.m.s.f.DefaultMavenResourcesFiltering - Copying 0 resource from src\test\resources to target\test-classes
2025-09-16 17:50:35,122 [Worker-23: Building] WARN  o.a.m.s.f.DefaultMavenResourcesFiltering - Using platform encoding (UTF-8 actually) to copy filtered resources, i.e. build is platform dependent!
2025-09-16 17:50:35,124 [Worker-23: Building] INFO  o.a.m.s.f.DefaultMavenResourcesFiltering - Copying 0 resource from src\main\resources to target\classes
2025-09-16 17:50:35,127 [Worker-23: Building] WARN  o.a.m.s.f.DefaultMavenResourcesFiltering - Using platform encoding (UTF-8 actually) to copy filtered resources, i.e. build is platform dependent!
2025-09-16 17:50:35,128 [Worker-23: Building] INFO  o.a.m.s.f.DefaultMavenResourcesFiltering - Copying 0 resource from src\test\resources to target\test-classes
2025-09-16 17:52:00,177 [Worker-19: Building] WARN  o.a.m.s.f.DefaultMavenResourcesFiltering - Using platform encoding (UTF-8 actually) to copy filtered resources, i.e. build is platform dependent!
2025-09-16 17:52:00,178 [Worker-19: Building] INFO  o.a.m.s.f.DefaultMavenResourcesFiltering - Copying 0 resource from src\main\resources to target\classes
2025-09-16 17:52:00,182 [Worker-19: Building] WARN  o.a.m.s.f.DefaultMavenResourcesFiltering - Using platform encoding (UTF-8 actually) to copy filtered resources, i.e. build is platform dependent!
2025-09-16 17:52:00,183 [Worker-19: Building] INFO  o.a.m.s.f.DefaultMavenResourcesFiltering - Copying 0 resource from src\test\resources to target\test-classes
2025-09-16 17:53:03,711 [Worker-25: Building] WARN  o.a.m.s.f.DefaultMavenResourcesFiltering - Using platform encoding (UTF-8 actually) to copy filtered resources, i.e. build is platform dependent!
2025-09-16 17:53:03,712 [Worker-25: Building] INFO  o.a.m.s.f.DefaultMavenResourcesFiltering - Copying 0 resource from src\main\resources to target\classes
2025-09-16 17:53:03,714 [Worker-25: Building] WARN  o.a.m.s.f.DefaultMavenResourcesFiltering - Using platform encoding (UTF-8 actually) to copy filtered resources, i.e. build is platform dependent!
2025-09-16 17:53:03,715 [Worker-25: Building] INFO  o.a.m.s.f.DefaultMavenResourcesFiltering - Copying 0 resource from src\test\resources to target\test-classes
2025-09-16 17:53:16,803 [Worker-25: Building] WARN  o.a.m.s.f.DefaultMavenResourcesFiltering - Using platform encoding (UTF-8 actually) to copy filtered resources, i.e. build is platform dependent!
2025-09-16 17:53:16,804 [Worker-25: Building] INFO  o.a.m.s.f.DefaultMavenResourcesFiltering - Copying 0 resource from src\main\resources to target\classes
2025-09-16 17:53:16,806 [Worker-25: Building] WARN  o.a.m.s.f.DefaultMavenResourcesFiltering - Using platform encoding (UTF-8 actually) to copy filtered resources, i.e. build is platform dependent!
2025-09-16 17:53:16,807 [Worker-25: Building] INFO  o.a.m.s.f.DefaultMavenResourcesFiltering - Copying 0 resource from src\test\resources to target\test-classes
2025-09-16 17:54:08,429 [Worker-17: Building] WARN  o.a.m.s.f.DefaultMavenResourcesFiltering - Using platform encoding (UTF-8 actually) to copy filtered resources, i.e. build is platform dependent!
2025-09-16 17:54:08,430 [Worker-17: Building] INFO  o.a.m.s.f.DefaultMavenResourcesFiltering - Copying 0 resource from src\main\resources to target\classes
2025-09-16 17:54:08,432 [Worker-17: Building] WARN  o.a.m.s.f.DefaultMavenResourcesFiltering - Using platform encoding (UTF-8 actually) to copy filtered resources, i.e. build is platform dependent!
2025-09-16 17:54:08,433 [Worker-17: Building] INFO  o.a.m.s.f.DefaultMavenResourcesFiltering - Copying 0 resource from src\test\resources to target\test-classes
2025-09-16 17:54:56,135 [Worker-22: Building] WARN  o.a.m.s.f.DefaultMavenResourcesFiltering - Using platform encoding (UTF-8 actually) to copy filtered resources, i.e. build is platform dependent!
2025-09-16 17:54:56,136 [Worker-22: Building] INFO  o.a.m.s.f.DefaultMavenResourcesFiltering - Copying 0 resource from src\main\resources to target\classes
2025-09-16 17:54:56,138 [Worker-22: Building] WARN  o.a.m.s.f.DefaultMavenResourcesFiltering - Using platform encoding (UTF-8 actually) to copy filtered resources, i.e. build is platform dependent!
2025-09-16 17:54:56,139 [Worker-22: Building] INFO  o.a.m.s.f.DefaultMavenResourcesFiltering - Copying 0 resource from src\test\resources to target\test-classes
2025-09-16 17:55:03,857 [Worker-22: Building] WARN  o.a.m.s.f.DefaultMavenResourcesFiltering - Using platform encoding (UTF-8 actually) to copy filtered resources, i.e. build is platform dependent!
2025-09-16 17:55:03,858 [Worker-22: Building] INFO  o.a.m.s.f.DefaultMavenResourcesFiltering - Copying 0 resource from src\main\resources to target\classes
2025-09-16 17:55:03,860 [Worker-22: Building] WARN  o.a.m.s.f.DefaultMavenResourcesFiltering - Using platform encoding (UTF-8 actually) to copy filtered resources, i.e. build is platform dependent!
2025-09-16 17:55:03,861 [Worker-22: Building] INFO  o.a.m.s.f.DefaultMavenResourcesFiltering - Copying 0 resource from src\test\resources to target\test-classes
2025-09-16 17:55:51,281 [Worker-19: Building] WARN  o.a.m.s.f.DefaultMavenResourcesFiltering - Using platform encoding (UTF-8 actually) to copy filtered resources, i.e. build is platform dependent!
2025-09-16 17:55:51,282 [Worker-19: Building] INFO  o.a.m.s.f.DefaultMavenResourcesFiltering - Copying 0 resource from src\main\resources to target\classes
2025-09-16 17:55:51,284 [Worker-19: Building] WARN  o.a.m.s.f.DefaultMavenResourcesFiltering - Using platform encoding (UTF-8 actually) to copy filtered resources, i.e. build is platform dependent!
2025-09-16 17:55:51,285 [Worker-19: Building] INFO  o.a.m.s.f.DefaultMavenResourcesFiltering - Copying 0 resource from src\test\resources to target\test-classes
2025-09-16 17:56:16,401 [Worker-25: Building] WARN  o.a.m.s.f.DefaultMavenResourcesFiltering - Using platform encoding (UTF-8 actually) to copy filtered resources, i.e. build is platform dependent!
2025-09-16 17:56:16,402 [Worker-25: Building] INFO  o.a.m.s.f.DefaultMavenResourcesFiltering - Copying 0 resource from src\main\resources to target\classes
2025-09-16 17:56:16,404 [Worker-25: Building] WARN  o.a.m.s.f.DefaultMavenResourcesFiltering - Using platform encoding (UTF-8 actually) to copy filtered resources, i.e. build is platform dependent!
2025-09-16 17:56:16,405 [Worker-25: Building] INFO  o.a.m.s.f.DefaultMavenResourcesFiltering - Copying 0 resource from src\test\resources to target\test-classes
2025-09-16 17:56:50,018 [Worker-20: Building] WARN  o.a.m.s.f.DefaultMavenResourcesFiltering - Using platform encoding (UTF-8 actually) to copy filtered resources, i.e. build is platform dependent!
2025-09-16 17:56:50,020 [Worker-20: Building] INFO  o.a.m.s.f.DefaultMavenResourcesFiltering - Copying 0 resource from src\main\resources to target\classes
2025-09-16 17:56:50,022 [Worker-20: Building] WARN  o.a.m.s.f.DefaultMavenResourcesFiltering - Using platform encoding (UTF-8 actually) to copy filtered resources, i.e. build is platform dependent!
2025-09-16 17:56:50,023 [Worker-20: Building] INFO  o.a.m.s.f.DefaultMavenResourcesFiltering - Copying 0 resource from src\test\resources to target\test-classes
2025-09-16 17:57:08,193 [Worker-23: Building] WARN  o.a.m.s.f.DefaultMavenResourcesFiltering - Using platform encoding (UTF-8 actually) to copy filtered resources, i.e. build is platform dependent!
2025-09-16 17:57:08,194 [Worker-23: Building] INFO  o.a.m.s.f.DefaultMavenResourcesFiltering - Copying 0 resource from src\main\resources to target\classes
2025-09-16 17:57:08,196 [Worker-23: Building] WARN  o.a.m.s.f.DefaultMavenResourcesFiltering - Using platform encoding (UTF-8 actually) to copy filtered resources, i.e. build is platform dependent!
2025-09-16 17:57:08,197 [Worker-23: Building] INFO  o.a.m.s.f.DefaultMavenResourcesFiltering - Copying 0 resource from src\test\resources to target\test-classes
2025-09-16 17:57:11,905 [Worker-17: Building] WARN  o.a.m.s.f.DefaultMavenResourcesFiltering - Using platform encoding (UTF-8 actually) to copy filtered resources, i.e. build is platform dependent!
2025-09-16 17:57:11,906 [Worker-17: Building] INFO  o.a.m.s.f.DefaultMavenResourcesFiltering - Copying 0 resource from src\main\resources to target\classes
2025-09-16 17:57:11,910 [Worker-17: Building] WARN  o.a.m.s.f.DefaultMavenResourcesFiltering - Using platform encoding (UTF-8 actually) to copy filtered resources, i.e. build is platform dependent!
2025-09-16 17:57:11,911 [Worker-17: Building] INFO  o.a.m.s.f.DefaultMavenResourcesFiltering - Copying 0 resource from src\test\resources to target\test-classes
2025-09-16 17:57:32,066 [Worker-17: Building] WARN  o.a.m.s.f.DefaultMavenResourcesFiltering - Using platform encoding (UTF-8 actually) to copy filtered resources, i.e. build is platform dependent!
2025-09-16 17:57:32,068 [Worker-17: Building] INFO  o.a.m.s.f.DefaultMavenResourcesFiltering - Copying 0 resource from src\main\resources to target\classes
2025-09-16 17:57:32,071 [Worker-17: Building] WARN  o.a.m.s.f.DefaultMavenResourcesFiltering - Using platform encoding (UTF-8 actually) to copy filtered resources, i.e. build is platform dependent!
2025-09-16 17:57:32,072 [Worker-17: Building] INFO  o.a.m.s.f.DefaultMavenResourcesFiltering - Copying 0 resource from src\test\resources to target\test-classes
2025-09-16 18:00:34,914 [Worker-19: Building] WARN  o.a.m.s.f.DefaultMavenResourcesFiltering - Using platform encoding (UTF-8 actually) to copy filtered resources, i.e. build is platform dependent!
2025-09-16 18:00:34,915 [Worker-19: Building] INFO  o.a.m.s.f.DefaultMavenResourcesFiltering - Copying 0 resource from src\main\resources to target\classes
2025-09-16 18:00:34,918 [Worker-19: Building] WARN  o.a.m.s.f.DefaultMavenResourcesFiltering - Using platform encoding (UTF-8 actually) to copy filtered resources, i.e. build is platform dependent!
2025-09-16 18:00:34,919 [Worker-19: Building] INFO  o.a.m.s.f.DefaultMavenResourcesFiltering - Copying 0 resource from src\test\resources to target\test-classes
2025-09-16 18:00:37,029 [Worker-19: Building] WARN  o.a.m.s.f.DefaultMavenResourcesFiltering - Using platform encoding (UTF-8 actually) to copy filtered resources, i.e. build is platform dependent!
2025-09-16 18:00:37,030 [Worker-19: Building] INFO  o.a.m.s.f.DefaultMavenResourcesFiltering - Copying 0 resource from src\main\resources to target\classes
2025-09-16 18:00:37,032 [Worker-19: Building] WARN  o.a.m.s.f.DefaultMavenResourcesFiltering - Using platform encoding (UTF-8 actually) to copy filtered resources, i.e. build is platform dependent!
2025-09-16 18:00:37,033 [Worker-19: Building] INFO  o.a.m.s.f.DefaultMavenResourcesFiltering - Copying 0 resource from src\test\resources to target\test-classes
2025-09-16 18:00:55,282 [Worker-17: Building] WARN  o.a.m.s.f.DefaultMavenResourcesFiltering - Using platform encoding (UTF-8 actually) to copy filtered resources, i.e. build is platform dependent!
2025-09-16 18:00:55,283 [Worker-17: Building] INFO  o.a.m.s.f.DefaultMavenResourcesFiltering - Copying 0 resource from src\main\resources to target\classes
2025-09-16 18:00:55,286 [Worker-17: Building] WARN  o.a.m.s.f.DefaultMavenResourcesFiltering - Using platform encoding (UTF-8 actually) to copy filtered resources, i.e. build is platform dependent!
2025-09-16 18:00:55,287 [Worker-17: Building] INFO  o.a.m.s.f.DefaultMavenResourcesFiltering - Copying 0 resource from src\test\resources to target\test-classes
2025-09-16 18:01:08,590 [Worker-24: Building] WARN  o.a.m.s.f.DefaultMavenResourcesFiltering - Using platform encoding (UTF-8 actually) to copy filtered resources, i.e. build is platform dependent!
2025-09-16 18:01:08,591 [Worker-24: Building] INFO  o.a.m.s.f.DefaultMavenResourcesFiltering - Copying 0 resource from src\main\resources to target\classes
2025-09-16 18:01:08,594 [Worker-24: Building] WARN  o.a.m.s.f.DefaultMavenResourcesFiltering - Using platform encoding (UTF-8 actually) to copy filtered resources, i.e. build is platform dependent!
2025-09-16 18:01:08,595 [Worker-24: Building] INFO  o.a.m.s.f.DefaultMavenResourcesFiltering - Copying 0 resource from src\test\resources to target\test-classes
2025-09-16 18:02:29,011 [Worker-14: Building] WARN  o.a.m.s.f.DefaultMavenResourcesFiltering - Using platform encoding (UTF-8 actually) to copy filtered resources, i.e. build is platform dependent!
2025-09-16 18:02:29,012 [Worker-14: Building] INFO  o.a.m.s.f.DefaultMavenResourcesFiltering - Copying 0 resource from src\main\resources to target\classes
2025-09-16 18:02:29,015 [Worker-14: Building] WARN  o.a.m.s.f.DefaultMavenResourcesFiltering - Using platform encoding (UTF-8 actually) to copy filtered resources, i.e. build is platform dependent!
2025-09-16 18:02:29,016 [Worker-14: Building] INFO  o.a.m.s.f.DefaultMavenResourcesFiltering - Copying 0 resource from src\test\resources to target\test-classes
2025-09-16 18:02:39,931 [Worker-25: Building] WARN  o.a.m.s.f.DefaultMavenResourcesFiltering - Using platform encoding (UTF-8 actually) to copy filtered resources, i.e. build is platform dependent!
2025-09-16 18:02:39,933 [Worker-25: Building] INFO  o.a.m.s.f.DefaultMavenResourcesFiltering - Copying 0 resource from src\main\resources to target\classes
2025-09-16 18:02:39,936 [Worker-25: Building] WARN  o.a.m.s.f.DefaultMavenResourcesFiltering - Using platform encoding (UTF-8 actually) to copy filtered resources, i.e. build is platform dependent!
2025-09-16 18:02:39,937 [Worker-25: Building] INFO  o.a.m.s.f.DefaultMavenResourcesFiltering - Copying 0 resource from src\test\resources to target\test-classes
2025-09-16 18:02:56,292 [Worker-17: Building] WARN  o.a.m.s.f.DefaultMavenResourcesFiltering - Using platform encoding (UTF-8 actually) to copy filtered resources, i.e. build is platform dependent!
2025-09-16 18:02:56,294 [Worker-17: Building] INFO  o.a.m.s.f.DefaultMavenResourcesFiltering - Copying 0 resource from src\main\resources to target\classes
2025-09-16 18:02:56,296 [Worker-17: Building] WARN  o.a.m.s.f.DefaultMavenResourcesFiltering - Using platform encoding (UTF-8 actually) to copy filtered resources, i.e. build is platform dependent!
2025-09-16 18:02:56,298 [Worker-17: Building] INFO  o.a.m.s.f.DefaultMavenResourcesFiltering - Copying 0 resource from src\test\resources to target\test-classes
2025-09-16 18:03:22,787 [Worker-22: Building] WARN  o.a.m.s.f.DefaultMavenResourcesFiltering - Using platform encoding (UTF-8 actually) to copy filtered resources, i.e. build is platform dependent!
2025-09-16 18:03:22,788 [Worker-22: Building] INFO  o.a.m.s.f.DefaultMavenResourcesFiltering - Copying 0 resource from src\main\resources to target\classes
2025-09-16 18:03:22,790 [Worker-22: Building] WARN  o.a.m.s.f.DefaultMavenResourcesFiltering - Using platform encoding (UTF-8 actually) to copy filtered resources, i.e. build is platform dependent!
2025-09-16 18:03:22,791 [Worker-22: Building] INFO  o.a.m.s.f.DefaultMavenResourcesFiltering - Copying 0 resource from src\test\resources to target\test-classes
2025-09-16 18:05:26,202 [Worker-23: Building] WARN  o.a.m.s.f.DefaultMavenResourcesFiltering - Using platform encoding (UTF-8 actually) to copy filtered resources, i.e. build is platform dependent!
2025-09-16 18:05:26,204 [Worker-23: Building] INFO  o.a.m.s.f.DefaultMavenResourcesFiltering - Copying 0 resource from src\main\resources to target\classes
2025-09-16 18:05:26,206 [Worker-23: Building] WARN  o.a.m.s.f.DefaultMavenResourcesFiltering - Using platform encoding (UTF-8 actually) to copy filtered resources, i.e. build is platform dependent!
2025-09-16 18:05:26,207 [Worker-23: Building] INFO  o.a.m.s.f.DefaultMavenResourcesFiltering - Copying 0 resource from src\test\resources to target\test-classes
2025-09-16 18:06:17,561 [Worker-22: Building] WARN  o.a.m.s.f.DefaultMavenResourcesFiltering - Using platform encoding (UTF-8 actually) to copy filtered resources, i.e. build is platform dependent!
2025-09-16 18:06:17,562 [Worker-22: Building] INFO  o.a.m.s.f.DefaultMavenResourcesFiltering - Copying 0 resource from src\main\resources to target\classes
2025-09-16 18:06:17,565 [Worker-22: Building] WARN  o.a.m.s.f.DefaultMavenResourcesFiltering - Using platform encoding (UTF-8 actually) to copy filtered resources, i.e. build is platform dependent!
2025-09-16 18:06:17,566 [Worker-22: Building] INFO  o.a.m.s.f.DefaultMavenResourcesFiltering - Copying 0 resource from src\test\resources to target\test-classes
2025-09-16 18:06:28,721 [Worker-17: Building] WARN  o.a.m.s.f.DefaultMavenResourcesFiltering - Using platform encoding (UTF-8 actually) to copy filtered resources, i.e. build is platform dependent!
2025-09-16 18:06:28,722 [Worker-17: Building] INFO  o.a.m.s.f.DefaultMavenResourcesFiltering - Copying 0 resource from src\main\resources to target\classes
2025-09-16 18:06:28,725 [Worker-17: Building] WARN  o.a.m.s.f.DefaultMavenResourcesFiltering - Using platform encoding (UTF-8 actually) to copy filtered resources, i.e. build is platform dependent!
2025-09-16 18:06:28,726 [Worker-17: Building] INFO  o.a.m.s.f.DefaultMavenResourcesFiltering - Copying 0 resource from src\test\resources to target\test-classes
2025-09-16 18:07:10,485 [Worker-23: Building] WARN  o.a.m.s.f.DefaultMavenResourcesFiltering - Using platform encoding (UTF-8 actually) to copy filtered resources, i.e. build is platform dependent!
2025-09-16 18:07:10,486 [Worker-23: Building] INFO  o.a.m.s.f.DefaultMavenResourcesFiltering - Copying 0 resource from src\main\resources to target\classes
2025-09-16 18:07:10,488 [Worker-23: Building] WARN  o.a.m.s.f.DefaultMavenResourcesFiltering - Using platform encoding (UTF-8 actually) to copy filtered resources, i.e. build is platform dependent!
2025-09-16 18:07:10,489 [Worker-23: Building] INFO  o.a.m.s.f.DefaultMavenResourcesFiltering - Copying 0 resource from src\test\resources to target\test-classes
2025-09-16 18:08:08,344 [Worker-25: Building] WARN  o.a.m.s.f.DefaultMavenResourcesFiltering - Using platform encoding (UTF-8 actually) to copy filtered resources, i.e. build is platform dependent!
2025-09-16 18:08:08,345 [Worker-25: Building] INFO  o.a.m.s.f.DefaultMavenResourcesFiltering - Copying 0 resource from src\main\resources to target\classes
2025-09-16 18:08:08,347 [Worker-25: Building] WARN  o.a.m.s.f.DefaultMavenResourcesFiltering - Using platform encoding (UTF-8 actually) to copy filtered resources, i.e. build is platform dependent!
2025-09-16 18:08:08,348 [Worker-25: Building] INFO  o.a.m.s.f.DefaultMavenResourcesFiltering - Copying 0 resource from src\test\resources to target\test-classes
2025-09-16 18:08:13,886 [Worker-24: Building] WARN  o.a.m.s.f.DefaultMavenResourcesFiltering - Using platform encoding (UTF-8 actually) to copy filtered resources, i.e. build is platform dependent!
2025-09-16 18:08:13,887 [Worker-24: Building] INFO  o.a.m.s.f.DefaultMavenResourcesFiltering - Copying 0 resource from src\main\resources to target\classes
2025-09-16 18:08:13,890 [Worker-24: Building] WARN  o.a.m.s.f.DefaultMavenResourcesFiltering - Using platform encoding (UTF-8 actually) to copy filtered resources, i.e. build is platform dependent!
2025-09-16 18:08:13,891 [Worker-24: Building] INFO  o.a.m.s.f.DefaultMavenResourcesFiltering - Copying 0 resource from src\test\resources to target\test-classes
2025-09-16 18:09:51,707 [Worker-25: Building] WARN  o.a.m.s.f.DefaultMavenResourcesFiltering - Using platform encoding (UTF-8 actually) to copy filtered resources, i.e. build is platform dependent!
2025-09-16 18:09:51,709 [Worker-25: Building] INFO  o.a.m.s.f.DefaultMavenResourcesFiltering - Copying 0 resource from src\main\resources to target\classes
2025-09-16 18:09:51,711 [Worker-25: Building] WARN  o.a.m.s.f.DefaultMavenResourcesFiltering - Using platform encoding (UTF-8 actually) to copy filtered resources, i.e. build is platform dependent!
2025-09-16 18:09:51,712 [Worker-25: Building] INFO  o.a.m.s.f.DefaultMavenResourcesFiltering - Copying 0 resource from src\test\resources to target\test-classes
2025-09-16 18:10:10,116 [Worker-22: Building] WARN  o.a.m.s.f.DefaultMavenResourcesFiltering - Using platform encoding (UTF-8 actually) to copy filtered resources, i.e. build is platform dependent!
2025-09-16 18:10:10,117 [Worker-22: Building] INFO  o.a.m.s.f.DefaultMavenResourcesFiltering - Copying 0 resource from src\main\resources to target\classes
2025-09-16 18:10:10,119 [Worker-22: Building] WARN  o.a.m.s.f.DefaultMavenResourcesFiltering - Using platform encoding (UTF-8 actually) to copy filtered resources, i.e. build is platform dependent!
2025-09-16 18:10:10,120 [Worker-22: Building] INFO  o.a.m.s.f.DefaultMavenResourcesFiltering - Copying 0 resource from src\test\resources to target\test-classes
2025-09-16 18:10:21,448 [Worker-24: Building] WARN  o.a.m.s.f.DefaultMavenResourcesFiltering - Using platform encoding (UTF-8 actually) to copy filtered resources, i.e. build is platform dependent!
2025-09-16 18:10:21,449 [Worker-24: Building] INFO  o.a.m.s.f.DefaultMavenResourcesFiltering - Copying 0 resource from src\main\resources to target\classes
2025-09-16 18:10:21,451 [Worker-24: Building] WARN  o.a.m.s.f.DefaultMavenResourcesFiltering - Using platform encoding (UTF-8 actually) to copy filtered resources, i.e. build is platform dependent!
2025-09-16 18:10:21,451 [Worker-24: Building] INFO  o.a.m.s.f.DefaultMavenResourcesFiltering - Copying 0 resource from src\test\resources to target\test-classes
2025-09-16 18:10:34,860 [Worker-14: Building] WARN  o.a.m.s.f.DefaultMavenResourcesFiltering - Using platform encoding (UTF-8 actually) to copy filtered resources, i.e. build is platform dependent!
2025-09-16 18:10:34,861 [Worker-14: Building] INFO  o.a.m.s.f.DefaultMavenResourcesFiltering - Copying 0 resource from src\main\resources to target\classes
2025-09-16 18:10:34,863 [Worker-14: Building] WARN  o.a.m.s.f.DefaultMavenResourcesFiltering - Using platform encoding (UTF-8 actually) to copy filtered resources, i.e. build is platform dependent!
2025-09-16 18:10:34,864 [Worker-14: Building] INFO  o.a.m.s.f.DefaultMavenResourcesFiltering - Copying 0 resource from src\test\resources to target\test-classes
2025-09-16 18:10:43,503 [Worker-25: Building] WARN  o.a.m.s.f.DefaultMavenResourcesFiltering - Using platform encoding (UTF-8 actually) to copy filtered resources, i.e. build is platform dependent!
2025-09-16 18:10:43,505 [Worker-25: Building] INFO  o.a.m.s.f.DefaultMavenResourcesFiltering - Copying 0 resource from src\main\resources to target\classes
2025-09-16 18:10:43,508 [Worker-25: Building] WARN  o.a.m.s.f.DefaultMavenResourcesFiltering - Using platform encoding (UTF-8 actually) to copy filtered resources, i.e. build is platform dependent!
2025-09-16 18:10:43,509 [Worker-25: Building] INFO  o.a.m.s.f.DefaultMavenResourcesFiltering - Copying 0 resource from src\test\resources to target\test-classes
2025-09-17 17:31:24,301 [Worker-0: Loading available Gradle versions] INFO  o.e.b.c.i.u.g.PublishedGradleVersions - Gradle version information cache is out-of-date. Trying to update.
2025-09-17 17:33:07,647 [Worker-5: Building] WARN  o.e.m.c.i.embedder.EclipseLogger - The artifact mysql:mysql-connector-java:jar:8.0.33 has been relocated to com.mysql:mysql-connector-j:jar:8.0.33: MySQL Connector/J artifacts moved to reverse-DNS compliant Maven 2+ coordinates.
2025-09-17 17:33:08,414 [Worker-5: Building] WARN  o.a.m.s.f.DefaultMavenResourcesFiltering - Using platform encoding (UTF-8 actually) to copy filtered resources, i.e. build is platform dependent!
2025-09-17 17:33:08,420 [Worker-5: Building] INFO  o.a.m.s.f.DefaultMavenResourcesFiltering - Copying 0 resource from src\main\resources to target\classes
2025-09-17 17:33:08,449 [Worker-5: Building] WARN  o.a.m.s.f.DefaultMavenResourcesFiltering - Using platform encoding (UTF-8 actually) to copy filtered resources, i.e. build is platform dependent!
2025-09-17 17:33:08,481 [Worker-5: Building] INFO  o.a.m.s.f.DefaultMavenResourcesFiltering - skip non existing resourceDirectory D:\Chintan_wok\01May_2025_java\JSTL\src\test\resources
2025-09-17 17:33:10,705 [Worker-1: Building] WARN  o.a.m.s.f.DefaultMavenResourcesFiltering - Using platform encoding (UTF-8 actually) to copy filtered resources, i.e. build is platform dependent!
2025-09-17 17:33:10,706 [Worker-1: Building] INFO  o.a.m.s.f.DefaultMavenResourcesFiltering - Copying 0 resource from src\main\resources to target\classes
2025-09-17 17:33:10,710 [Worker-1: Building] WARN  o.a.m.s.f.DefaultMavenResourcesFiltering - Using platform encoding (UTF-8 actually) to copy filtered resources, i.e. build is platform dependent!
2025-09-17 17:33:10,711 [Worker-1: Building] INFO  o.a.m.s.f.DefaultMavenResourcesFiltering - Copying 0 resource from src\test\resources to target\test-classes
2025-09-17 17:33:37,967 [Worker-3: Launching mavenrun-ac87222f-3c06-4fc5-978b-61026b9907cc] INFO  o.eclipse.m2e.core.internal.Bundles - getClasspathEntries(Bundle=org.eclipse.m2e.maven.runtime_3.9.900.20250220-2013 [639])
2025-09-17 17:33:37,969 [Worker-3: Launching mavenrun-ac87222f-3c06-4fc5-978b-61026b9907cc] INFO  o.eclipse.m2e.core.internal.Bundles - 	Entry: C:\Users\Tops\.p2\pool\plugins\org.eclipse.m2e.maven.runtime_3.9.900.20250220-2013
2025-09-17 17:33:37,969 [Worker-3: Launching mavenrun-ac87222f-3c06-4fc5-978b-61026b9907cc] INFO  o.eclipse.m2e.core.internal.Bundles - 	Entry: C:\Users\Tops\.p2\pool\plugins\org.eclipse.m2e.maven.runtime_3.9.900.20250220-2013\jars\aopalliance-1.0.jar
2025-09-17 17:33:37,969 [Worker-3: Launching mavenrun-ac87222f-3c06-4fc5-978b-61026b9907cc] INFO  o.eclipse.m2e.core.internal.Bundles - 	Entry: C:\Users\Tops\.p2\pool\plugins\org.eclipse.m2e.maven.runtime_3.9.900.20250220-2013\jars\guice-5.1.0.jar
2025-09-17 17:33:37,970 [Worker-3: Launching mavenrun-ac87222f-3c06-4fc5-978b-61026b9907cc] INFO  o.eclipse.m2e.core.internal.Bundles - 	Entry: C:\Users\Tops\.p2\pool\plugins\org.eclipse.m2e.maven.runtime_3.9.900.20250220-2013\jars\httpclient-4.5.14.jar
2025-09-17 17:33:37,970 [Worker-3: Launching mavenrun-ac87222f-3c06-4fc5-978b-61026b9907cc] INFO  o.eclipse.m2e.core.internal.Bundles - 	Entry: C:\Users\Tops\.p2\pool\plugins\org.eclipse.m2e.maven.runtime_3.9.900.20250220-2013\jars\httpcore-4.4.16.jar
2025-09-17 17:33:37,970 [Worker-3: Launching mavenrun-ac87222f-3c06-4fc5-978b-61026b9907cc] INFO  o.eclipse.m2e.core.internal.Bundles - 	Entry: C:\Users\Tops\.p2\pool\plugins\org.eclipse.m2e.maven.runtime_3.9.900.20250220-2013\jars\jansi-2.4.1.jar
2025-09-17 17:33:37,970 [Worker-3: Launching mavenrun-ac87222f-3c06-4fc5-978b-61026b9907cc] INFO  o.eclipse.m2e.core.internal.Bundles - 	Entry: C:\Users\Tops\.p2\pool\plugins\org.eclipse.m2e.maven.runtime_3.9.900.20250220-2013\jars\jcl-over-slf4j-1.7.36.jar
2025-09-17 17:33:37,970 [Worker-3: Launching mavenrun-ac87222f-3c06-4fc5-978b-61026b9907cc] INFO  o.eclipse.m2e.core.internal.Bundles - 	Entry: C:\Users\Tops\.p2\pool\plugins\org.eclipse.m2e.maven.runtime_3.9.900.20250220-2013\jars\maven-artifact-3.9.9.jar
2025-09-17 17:33:37,971 [Worker-3: Launching mavenrun-ac87222f-3c06-4fc5-978b-61026b9907cc] INFO  o.eclipse.m2e.core.internal.Bundles - 	Entry: C:\Users\Tops\.p2\pool\plugins\org.eclipse.m2e.maven.runtime_3.9.900.20250220-2013\jars\maven-builder-support-3.9.9.jar
2025-09-17 17:33:37,971 [Worker-3: Launching mavenrun-ac87222f-3c06-4fc5-978b-61026b9907cc] INFO  o.eclipse.m2e.core.internal.Bundles - 	Entry: C:\Users\Tops\.p2\pool\plugins\org.eclipse.m2e.maven.runtime_3.9.900.20250220-2013\jars\maven-compat-3.9.9.jar
2025-09-17 17:33:37,971 [Worker-3: Launching mavenrun-ac87222f-3c06-4fc5-978b-61026b9907cc] INFO  o.eclipse.m2e.core.internal.Bundles - 	Entry: C:\Users\Tops\.p2\pool\plugins\org.eclipse.m2e.maven.runtime_3.9.900.20250220-2013\jars\maven-core-3.9.9.jar
2025-09-17 17:33:37,973 [Worker-3: Launching mavenrun-ac87222f-3c06-4fc5-978b-61026b9907cc] INFO  o.eclipse.m2e.core.internal.Bundles - 	Entry: C:\Users\Tops\.p2\pool\plugins\org.eclipse.m2e.maven.runtime_3.9.900.20250220-2013\jars\maven-embedder-3.9.9.jar
2025-09-17 17:33:37,974 [Worker-3: Launching mavenrun-ac87222f-3c06-4fc5-978b-61026b9907cc] INFO  o.eclipse.m2e.core.internal.Bundles - 	Entry: C:\Users\Tops\.p2\pool\plugins\org.eclipse.m2e.maven.runtime_3.9.900.20250220-2013\jars\maven-model-3.9.9.jar
2025-09-17 17:33:37,974 [Worker-3: Launching mavenrun-ac87222f-3c06-4fc5-978b-61026b9907cc] INFO  o.eclipse.m2e.core.internal.Bundles - 	Entry: C:\Users\Tops\.p2\pool\plugins\org.eclipse.m2e.maven.runtime_3.9.900.20250220-2013\jars\maven-model-builder-3.9.9.jar
2025-09-17 17:33:37,974 [Worker-3: Launching mavenrun-ac87222f-3c06-4fc5-978b-61026b9907cc] INFO  o.eclipse.m2e.core.internal.Bundles - 	Entry: C:\Users\Tops\.p2\pool\plugins\org.eclipse.m2e.maven.runtime_3.9.900.20250220-2013\jars\maven-plugin-api-3.9.9.jar
2025-09-17 17:33:37,975 [Worker-3: Launching mavenrun-ac87222f-3c06-4fc5-978b-61026b9907cc] INFO  o.eclipse.m2e.core.internal.Bundles - 	Entry: C:\Users\Tops\.p2\pool\plugins\org.eclipse.m2e.maven.runtime_3.9.900.20250220-2013\jars\maven-repository-metadata-3.9.9.jar
2025-09-17 17:33:37,975 [Worker-3: Launching mavenrun-ac87222f-3c06-4fc5-978b-61026b9907cc] INFO  o.eclipse.m2e.core.internal.Bundles - 	Entry: C:\Users\Tops\.p2\pool\plugins\org.eclipse.m2e.maven.runtime_3.9.900.20250220-2013\jars\maven-resolver-api-1.9.22.jar
2025-09-17 17:33:37,975 [Worker-3: Launching mavenrun-ac87222f-3c06-4fc5-978b-61026b9907cc] INFO  o.eclipse.m2e.core.internal.Bundles - 	Entry: C:\Users\Tops\.p2\pool\plugins\org.eclipse.m2e.maven.runtime_3.9.900.20250220-2013\jars\maven-resolver-connector-basic-1.9.22.jar
2025-09-17 17:33:37,975 [Worker-3: Launching mavenrun-ac87222f-3c06-4fc5-978b-61026b9907cc] INFO  o.eclipse.m2e.core.internal.Bundles - 	Entry: C:\Users\Tops\.p2\pool\plugins\org.eclipse.m2e.maven.runtime_3.9.900.20250220-2013\jars\maven-resolver-impl-1.9.22.jar
2025-09-17 17:33:37,975 [Worker-3: Launching mavenrun-ac87222f-3c06-4fc5-978b-61026b9907cc] INFO  o.eclipse.m2e.core.internal.Bundles - 	Entry: C:\Users\Tops\.p2\pool\plugins\org.eclipse.m2e.maven.runtime_3.9.900.20250220-2013\jars\maven-resolver-named-locks-1.9.22.jar
2025-09-17 17:33:37,976 [Worker-3: Launching mavenrun-ac87222f-3c06-4fc5-978b-61026b9907cc] INFO  o.eclipse.m2e.core.internal.Bundles - 	Entry: C:\Users\Tops\.p2\pool\plugins\org.eclipse.m2e.maven.runtime_3.9.900.20250220-2013\jars\maven-resolver-provider-3.9.9.jar
2025-09-17 17:33:37,976 [Worker-3: Launching mavenrun-ac87222f-3c06-4fc5-978b-61026b9907cc] INFO  o.eclipse.m2e.core.internal.Bundles - 	Entry: C:\Users\Tops\.p2\pool\plugins\org.eclipse.m2e.maven.runtime_3.9.900.20250220-2013\jars\maven-resolver-spi-1.9.22.jar
2025-09-17 17:33:37,976 [Worker-3: Launching mavenrun-ac87222f-3c06-4fc5-978b-61026b9907cc] INFO  o.eclipse.m2e.core.internal.Bundles - 	Entry: C:\Users\Tops\.p2\pool\plugins\org.eclipse.m2e.maven.runtime_3.9.900.20250220-2013\jars\maven-resolver-transport-file-1.9.22.jar
2025-09-17 17:33:37,976 [Worker-3: Launching mavenrun-ac87222f-3c06-4fc5-978b-61026b9907cc] INFO  o.eclipse.m2e.core.internal.Bundles - 	Entry: C:\Users\Tops\.p2\pool\plugins\org.eclipse.m2e.maven.runtime_3.9.900.20250220-2013\jars\maven-resolver-transport-http-1.9.22.jar
2025-09-17 17:33:37,976 [Worker-3: Launching mavenrun-ac87222f-3c06-4fc5-978b-61026b9907cc] INFO  o.eclipse.m2e.core.internal.Bundles - 	Entry: C:\Users\Tops\.p2\pool\plugins\org.eclipse.m2e.maven.runtime_3.9.900.20250220-2013\jars\maven-resolver-transport-wagon-1.9.22.jar
2025-09-17 17:33:37,977 [Worker-3: Launching mavenrun-ac87222f-3c06-4fc5-978b-61026b9907cc] INFO  o.eclipse.m2e.core.internal.Bundles - 	Entry: C:\Users\Tops\.p2\pool\plugins\org.eclipse.m2e.maven.runtime_3.9.900.20250220-2013\jars\maven-resolver-util-1.9.22.jar
2025-09-17 17:33:37,977 [Worker-3: Launching mavenrun-ac87222f-3c06-4fc5-978b-61026b9907cc] INFO  o.eclipse.m2e.core.internal.Bundles - 	Entry: C:\Users\Tops\.p2\pool\plugins\org.eclipse.m2e.maven.runtime_3.9.900.20250220-2013\jars\maven-settings-3.9.9.jar
2025-09-17 17:33:37,977 [Worker-3: Launching mavenrun-ac87222f-3c06-4fc5-978b-61026b9907cc] INFO  o.eclipse.m2e.core.internal.Bundles - 	Entry: C:\Users\Tops\.p2\pool\plugins\org.eclipse.m2e.maven.runtime_3.9.900.20250220-2013\jars\maven-settings-builder-3.9.9.jar
2025-09-17 17:33:37,977 [Worker-3: Launching mavenrun-ac87222f-3c06-4fc5-978b-61026b9907cc] INFO  o.eclipse.m2e.core.internal.Bundles - 	Entry: C:\Users\Tops\.p2\pool\plugins\org.eclipse.m2e.maven.runtime_3.9.900.20250220-2013\jars\maven-shared-utils-3.4.2.jar
2025-09-17 17:33:37,977 [Worker-3: Launching mavenrun-ac87222f-3c06-4fc5-978b-61026b9907cc] INFO  o.eclipse.m2e.core.internal.Bundles - 	Entry: C:\Users\Tops\.p2\pool\plugins\org.eclipse.m2e.maven.runtime_3.9.900.20250220-2013\jars\org.eclipse.sisu.inject-0.9.0.M3.jar
2025-09-17 17:33:37,978 [Worker-3: Launching mavenrun-ac87222f-3c06-4fc5-978b-61026b9907cc] INFO  o.eclipse.m2e.core.internal.Bundles - 	Entry: C:\Users\Tops\.p2\pool\plugins\org.eclipse.m2e.maven.runtime_3.9.900.20250220-2013\jars\org.eclipse.sisu.plexus-0.9.0.M3.jar
2025-09-17 17:33:37,979 [Worker-3: Launching mavenrun-ac87222f-3c06-4fc5-978b-61026b9907cc] INFO  o.eclipse.m2e.core.internal.Bundles - 	Entry: C:\Users\Tops\.p2\pool\plugins\org.eclipse.m2e.maven.runtime_3.9.900.20250220-2013\jars\plexus-build-api-0.0.7.jar
2025-09-17 17:33:37,979 [Worker-3: Launching mavenrun-ac87222f-3c06-4fc5-978b-61026b9907cc] INFO  o.eclipse.m2e.core.internal.Bundles - 	Entry: C:\Users\Tops\.p2\pool\plugins\org.eclipse.m2e.maven.runtime_3.9.900.20250220-2013\jars\plexus-build-api-1.2.0.jar
2025-09-17 17:33:37,980 [Worker-3: Launching mavenrun-ac87222f-3c06-4fc5-978b-61026b9907cc] INFO  o.eclipse.m2e.core.internal.Bundles - 	Entry: C:\Users\Tops\.p2\pool\plugins\org.eclipse.m2e.maven.runtime_3.9.900.20250220-2013\jars\plexus-cipher-2.0.jar
2025-09-17 17:33:37,980 [Worker-3: Launching mavenrun-ac87222f-3c06-4fc5-978b-61026b9907cc] INFO  o.eclipse.m2e.core.internal.Bundles - 	Entry: C:\Users\Tops\.p2\pool\plugins\org.eclipse.m2e.maven.runtime_3.9.900.20250220-2013\jars\plexus-classworlds-2.8.0.jar
2025-09-17 17:33:37,980 [Worker-3: Launching mavenrun-ac87222f-3c06-4fc5-978b-61026b9907cc] INFO  o.eclipse.m2e.core.internal.Bundles - 	Entry: C:\Users\Tops\.p2\pool\plugins\org.eclipse.m2e.maven.runtime_3.9.900.20250220-2013\jars\plexus-component-annotations-2.1.0.jar
2025-09-17 17:33:37,981 [Worker-3: Launching mavenrun-ac87222f-3c06-4fc5-978b-61026b9907cc] INFO  o.eclipse.m2e.core.internal.Bundles - 	Entry: C:\Users\Tops\.p2\pool\plugins\org.eclipse.m2e.maven.runtime_3.9.900.20250220-2013\jars\plexus-interpolation-1.27.jar
2025-09-17 17:33:37,981 [Worker-3: Launching mavenrun-ac87222f-3c06-4fc5-978b-61026b9907cc] INFO  o.eclipse.m2e.core.internal.Bundles - 	Entry: C:\Users\Tops\.p2\pool\plugins\org.eclipse.m2e.maven.runtime_3.9.900.20250220-2013\jars\plexus-sec-dispatcher-2.0.jar
2025-09-17 17:33:37,981 [Worker-3: Launching mavenrun-ac87222f-3c06-4fc5-978b-61026b9907cc] INFO  o.eclipse.m2e.core.internal.Bundles - 	Entry: C:\Users\Tops\.p2\pool\plugins\org.eclipse.m2e.maven.runtime_3.9.900.20250220-2013\jars\plexus-utils-3.5.1.jar
2025-09-17 17:33:37,982 [Worker-3: Launching mavenrun-ac87222f-3c06-4fc5-978b-61026b9907cc] INFO  o.eclipse.m2e.core.internal.Bundles - 	Entry: C:\Users\Tops\.p2\pool\plugins\org.eclipse.m2e.maven.runtime_3.9.900.20250220-2013\jars\plexus-xml-3.0.1.jar
2025-09-17 17:33:37,982 [Worker-3: Launching mavenrun-ac87222f-3c06-4fc5-978b-61026b9907cc] INFO  o.eclipse.m2e.core.internal.Bundles - 	Entry: C:\Users\Tops\.p2\pool\plugins\org.eclipse.m2e.maven.runtime_3.9.900.20250220-2013\jars\wagon-file-3.5.3.jar
2025-09-17 17:33:37,983 [Worker-3: Launching mavenrun-ac87222f-3c06-4fc5-978b-61026b9907cc] INFO  o.eclipse.m2e.core.internal.Bundles - 	Entry: C:\Users\Tops\.p2\pool\plugins\org.eclipse.m2e.maven.runtime_3.9.900.20250220-2013\jars\wagon-http-3.5.3.jar
2025-09-17 17:33:37,983 [Worker-3: Launching mavenrun-ac87222f-3c06-4fc5-978b-61026b9907cc] INFO  o.eclipse.m2e.core.internal.Bundles - 	Entry: C:\Users\Tops\.p2\pool\plugins\org.eclipse.m2e.maven.runtime_3.9.900.20250220-2013\jars\wagon-http-shared-3.5.3.jar
2025-09-17 17:33:37,983 [Worker-3: Launching mavenrun-ac87222f-3c06-4fc5-978b-61026b9907cc] INFO  o.eclipse.m2e.core.internal.Bundles - 	Entry: C:\Users\Tops\.p2\pool\plugins\org.eclipse.m2e.maven.runtime_3.9.900.20250220-2013\jars\wagon-provider-api-3.5.3.jar
2025-09-17 17:33:37,985 [Worker-3: Launching mavenrun-ac87222f-3c06-4fc5-978b-61026b9907cc] INFO  o.eclipse.m2e.core.internal.Bundles - getClasspathEntries(Bundle=com.google.guava_33.4.8.jre [18])
2025-09-17 17:33:37,986 [Worker-3: Launching mavenrun-ac87222f-3c06-4fc5-978b-61026b9907cc] INFO  o.eclipse.m2e.core.internal.Bundles - 	Entry: C:\Users\Tops\.p2\pool\plugins\com.google.guava_33.4.8.jre.jar
2025-09-17 17:33:37,986 [Worker-3: Launching mavenrun-ac87222f-3c06-4fc5-978b-61026b9907cc] INFO  o.eclipse.m2e.core.internal.Bundles - getClasspathEntries(Bundle=slf4j.api_2.0.17 [1004])
2025-09-17 17:33:37,986 [Worker-3: Launching mavenrun-ac87222f-3c06-4fc5-978b-61026b9907cc] INFO  o.eclipse.m2e.core.internal.Bundles - 	Entry: C:\Users\Tops\.p2\pool\plugins\slf4j.api_2.0.17.jar
2025-09-17 17:33:37,986 [Worker-3: Launching mavenrun-ac87222f-3c06-4fc5-978b-61026b9907cc] INFO  o.eclipse.m2e.core.internal.Bundles - getClasspathEntries(Bundle=jakarta.inject.jakarta.inject-api_1.0.5 [35])
2025-09-17 17:33:37,987 [Worker-3: Launching mavenrun-ac87222f-3c06-4fc5-978b-61026b9907cc] INFO  o.eclipse.m2e.core.internal.Bundles - 	Entry: C:\Users\Tops\.p2\pool\plugins\jakarta.inject.jakarta.inject-api_1.0.5.jar
2025-09-17 17:33:37,987 [Worker-3: Launching mavenrun-ac87222f-3c06-4fc5-978b-61026b9907cc] INFO  o.eclipse.m2e.core.internal.Bundles - getClasspathEntries(Bundle=javax.annotation_1.3.5.v20200909-1856 [45])
2025-09-17 17:33:37,987 [Worker-3: Launching mavenrun-ac87222f-3c06-4fc5-978b-61026b9907cc] INFO  o.eclipse.m2e.core.internal.Bundles - 	Entry: C:\Users\Tops\.p2\pool\plugins\javax.annotation_1.3.5.v20200909-1856.jar
2025-09-17 17:33:37,987 [Worker-3: Launching mavenrun-ac87222f-3c06-4fc5-978b-61026b9907cc] INFO  o.eclipse.m2e.core.internal.Bundles - getClasspathEntries(Bundle=org.apache.commons.cli_1.9.0 [76])
2025-09-17 17:33:37,988 [Worker-3: Launching mavenrun-ac87222f-3c06-4fc5-978b-61026b9907cc] INFO  o.eclipse.m2e.core.internal.Bundles - 	Entry: C:\Users\Tops\.p2\pool\plugins\org.apache.commons.cli_1.9.0.jar
2025-09-17 17:33:37,988 [Worker-3: Launching mavenrun-ac87222f-3c06-4fc5-978b-61026b9907cc] INFO  o.eclipse.m2e.core.internal.Bundles - getClasspathEntries(Bundle=org.apache.commons.commons-codec_1.16.0 [78])
2025-09-17 17:33:37,989 [Worker-3: Launching mavenrun-ac87222f-3c06-4fc5-978b-61026b9907cc] INFO  o.eclipse.m2e.core.internal.Bundles - 	Entry: C:\Users\Tops\.p2\pool\plugins\org.apache.commons.commons-codec_1.16.0.jar
2025-09-17 17:33:37,989 [Worker-3: Launching mavenrun-ac87222f-3c06-4fc5-978b-61026b9907cc] INFO  o.eclipse.m2e.core.internal.Bundles - getClasspathEntries(Bundle=com.google.guava.failureaccess_1.0.3 [19])
2025-09-17 17:33:37,989 [Worker-3: Launching mavenrun-ac87222f-3c06-4fc5-978b-61026b9907cc] INFO  o.eclipse.m2e.core.internal.Bundles - 	Entry: C:\Users\Tops\.p2\pool\plugins\com.google.guava.failureaccess_1.0.3.jar
2025-09-17 17:33:37,992 [Worker-3: Launching mavenrun-ac87222f-3c06-4fc5-978b-61026b9907cc] INFO  o.e.m.i.launch.MavenLaunchDelegate - Run build in "C:\Users\Tops\AppData\Local\Temp\m2e-archetypeGenerator759436575774977645":
2025-09-17 17:33:37,997 [Worker-3: Launching mavenrun-ac87222f-3c06-4fc5-978b-61026b9907cc] INFO  o.e.m.i.launch.MavenLaunchDelegate -  mvn  -DarchetypeGroupId=org.apache.maven.archetypes -DarchetypeArtifactId=maven-archetype-webapp -DarchetypeVersion=1.0 -DgroupId=com.tops -DartifactId=PaymentGatewayIntegration -Dversion=0.0.1-SNAPSHOT -Dpackage=com.tops.PaymentGatewayIntegration -DoutputDirectory=D:\Chintan_wok\01May_2025_java -Dstyle.color=always -U archetype:generate
2025-09-17 17:33:54,275 [Worker-6: Creating maven-archetype-webapp] INFO  o.e.m.c.i.p.ProjectConfigurationManager - Collecting project info '/pom.xml' D:\Chintan_wok\01May_2025_java\PaymentGatewayIntegration\pom.xml
2025-09-17 17:33:54,726 [Worker-6: Creating maven-archetype-webapp] INFO  o.e.m.c.i.l.LifecycleMappingFactory - Using org.maven.ide.eclipse.wtp.WarLifecycleMapping lifecycle mapping for MavenProject: com.tops:PaymentGatewayIntegration:0.0.1-SNAPSHOT @ D:\Chintan_wok\01May_2025_java\PaymentGatewayIntegration\pom.xml.
2025-09-17 17:33:55,564 [Worker-6: Creating maven-archetype-webapp] INFO  o.e.m.j.i.AbstractJavaProjectConfigurator - Adding source folder /PaymentGatewayIntegration/src/main/java
2025-09-17 17:33:55,566 [Worker-6: Creating maven-archetype-webapp] INFO  o.e.m.j.i.AbstractJavaProjectConfigurator - Adding resource folder /PaymentGatewayIntegration/src/main/resources
2025-09-17 17:33:55,568 [Worker-6: Creating maven-archetype-webapp] INFO  o.e.m.j.i.AbstractJavaProjectConfigurator - Adding source folder /PaymentGatewayIntegration/src/test/java
2025-09-17 17:33:55,569 [Worker-6: Creating maven-archetype-webapp] INFO  o.e.m.j.i.AbstractJavaProjectConfigurator - Adding resource folder /PaymentGatewayIntegration/src/test/resources
2025-09-17 17:33:56,395 [Worker-6: Creating maven-archetype-webapp] INFO  o.e.m.c.i.p.ProjectConfigurationManager - Imported and configured 1 project(s) in 2 sec
2025-09-17 17:33:56,992 [Worker-3: Building] WARN  o.a.m.s.f.DefaultMavenResourcesFiltering - Using platform encoding (UTF-8 actually) to copy filtered resources, i.e. build is platform dependent!
2025-09-17 17:33:56,993 [Worker-3: Building] INFO  o.a.m.s.f.DefaultMavenResourcesFiltering - Copying 0 resource from src\main\resources to target\classes
2025-09-17 17:33:56,996 [Worker-3: Building] WARN  o.a.m.s.f.DefaultMavenResourcesFiltering - Using platform encoding (UTF-8 actually) to copy filtered resources, i.e. build is platform dependent!
2025-09-17 17:33:56,997 [Worker-3: Building] INFO  o.a.m.s.f.DefaultMavenResourcesFiltering - skip non existing resourceDirectory D:\Chintan_wok\01May_2025_java\PaymentGatewayIntegration\src\test\resources
2025-09-17 17:42:24,567 [Worker-17: Building] WARN  o.a.m.s.f.DefaultMavenResourcesFiltering - Using platform encoding (UTF-8 actually) to copy filtered resources, i.e. build is platform dependent!
2025-09-17 17:42:24,572 [Worker-17: Building] INFO  o.a.m.s.f.DefaultMavenResourcesFiltering - Copying 0 resource from src\main\resources to target\classes
2025-09-17 17:42:24,579 [Worker-17: Building] WARN  o.a.m.s.f.DefaultMavenResourcesFiltering - Using platform encoding (UTF-8 actually) to copy filtered resources, i.e. build is platform dependent!
2025-09-17 17:42:24,580 [Worker-17: Building] INFO  o.a.m.s.f.DefaultMavenResourcesFiltering - skip non existing resourceDirectory D:\Chintan_wok\01May_2025_java\PaymentGatewayIntegration\src\test\resources
2025-09-17 17:42:59,566 [Worker-14: Building] INFO  o.e.m.c.i.l.LifecycleMappingFactory - Using org.maven.ide.eclipse.wtp.WarLifecycleMapping lifecycle mapping for MavenProject: com.tops:PaymentGatewayIntegration:0.0.1-SNAPSHOT @ D:\Chintan_wok\01May_2025_java\PaymentGatewayIntegration\pom.xml.
2025-09-17 17:42:59,790 [Worker-14: Building] WARN  o.a.m.s.f.DefaultMavenResourcesFiltering - Using platform encoding (UTF-8 actually) to copy filtered resources, i.e. build is platform dependent!
2025-09-17 17:42:59,792 [Worker-14: Building] INFO  o.a.m.s.f.DefaultMavenResourcesFiltering - Copying 0 resource from src\main\resources to target\classes
2025-09-17 17:42:59,795 [Worker-14: Building] WARN  o.a.m.s.f.DefaultMavenResourcesFiltering - Using platform encoding (UTF-8 actually) to copy filtered resources, i.e. build is platform dependent!
2025-09-17 17:42:59,796 [Worker-14: Building] INFO  o.a.m.s.f.DefaultMavenResourcesFiltering - skip non existing resourceDirectory D:\Chintan_wok\01May_2025_java\PaymentGatewayIntegration\src\test\resources
2025-09-17 17:42:59,796 [Worker-14: Building] INFO  o.e.m.w.i.f.ResourceFilteringBuildParticipant - Changed resources require a complete clean of filtered resources of PaymentGatewayIntegration
2025-09-17 17:42:59,797 [Worker-14: Building] INFO  o.e.m.w.i.f.ResourceFilteringBuildParticipant - Executing resource filtering for PaymentGatewayIntegration
2025-09-17 17:43:01,199 [Worker-16: Download sources and javadoc] INFO  o.e.m.c.i.e.AbstractTransferListenerAdapter - Downloading https://repo.maven.apache.org/maven2/com/razorpay/razorpay-java/1.4.8/razorpay-java-1.4.8-sources.jar
2025-09-17 17:43:01,230 [Worker-16: Download sources and javadoc] INFO  o.e.m.c.i.e.AbstractTransferListenerAdapter - Downloaded https://repo.maven.apache.org/maven2/com/razorpay/razorpay-java/1.4.8/razorpay-java-1.4.8-sources.jar
2025-09-17 17:43:01,236 [Worker-16: Download sources and javadoc] INFO  o.e.m.j.internal.DownloadSourcesJob - Downloaded sources for com.razorpay:razorpay-java:1.4.8
2025-09-17 17:43:01,319 [Worker-16: Download sources and javadoc] INFO  o.e.m.c.i.e.AbstractTransferListenerAdapter - Downloading https://repo.maven.apache.org/maven2/org/json/json/20231013/json-20231013-sources.jar
2025-09-17 17:43:01,353 [Worker-16: Download sources and javadoc] INFO  o.e.m.c.i.e.AbstractTransferListenerAdapter - Downloaded https://repo.maven.apache.org/maven2/org/json/json/20231013/json-20231013-sources.jar
2025-09-17 17:43:01,357 [Worker-16: Download sources and javadoc] INFO  o.e.m.j.internal.DownloadSourcesJob - Downloaded sources for org.json:json:20231013
2025-09-17 17:43:01,539 [Worker-16: Download sources and javadoc] INFO  o.e.m.c.i.e.AbstractTransferListenerAdapter - Downloading https://repo.maven.apache.org/maven2/com/squareup/okhttp3/okhttp/3.10.0/okhttp-3.10.0-sources.jar
2025-09-17 17:43:01,732 [Worker-16: Download sources and javadoc] INFO  o.e.m.c.i.e.AbstractTransferListenerAdapter - Downloaded https://repo.maven.apache.org/maven2/com/squareup/okhttp3/okhttp/3.10.0/okhttp-3.10.0-sources.jar
2025-09-17 17:43:01,737 [Worker-16: Download sources and javadoc] INFO  o.e.m.j.internal.DownloadSourcesJob - Downloaded sources for com.squareup.okhttp3:okhttp:3.10.0
2025-09-17 17:43:01,798 [Worker-16: Download sources and javadoc] INFO  o.e.m.c.i.e.AbstractTransferListenerAdapter - Downloading https://repo.maven.apache.org/maven2/com/squareup/okio/okio/1.14.0/okio-1.14.0-sources.jar
2025-09-17 17:43:01,833 [Worker-16: Download sources and javadoc] INFO  o.e.m.c.i.e.AbstractTransferListenerAdapter - Downloaded https://repo.maven.apache.org/maven2/com/squareup/okio/okio/1.14.0/okio-1.14.0-sources.jar
2025-09-17 17:43:01,836 [Worker-16: Download sources and javadoc] INFO  o.e.m.j.internal.DownloadSourcesJob - Downloaded sources for com.squareup.okio:okio:1.14.0
2025-09-17 17:43:02,066 [Worker-16: Download sources and javadoc] INFO  o.e.m.c.i.e.AbstractTransferListenerAdapter - Downloading https://repo.maven.apache.org/maven2/com/squareup/okhttp3/logging-interceptor/3.10.0/logging-interceptor-3.10.0-sources.jar
2025-09-17 17:43:02,071 [Worker-16: Download sources and javadoc] INFO  o.e.m.c.i.e.AbstractTransferListenerAdapter - Downloaded https://repo.maven.apache.org/maven2/com/squareup/okhttp3/logging-interceptor/3.10.0/logging-interceptor-3.10.0-sources.jar
2025-09-17 17:43:02,075 [Worker-16: Download sources and javadoc] INFO  o.e.m.j.internal.DownloadSourcesJob - Downloaded sources for com.squareup.okhttp3:logging-interceptor:3.10.0
2025-09-17 17:43:02,247 [Worker-16: Download sources and javadoc] INFO  o.e.m.c.i.e.AbstractTransferListenerAdapter - Downloading https://repo.maven.apache.org/maven2/commons-codec/commons-codec/1.11/commons-codec-1.11-sources.jar
2025-09-17 17:43:02,442 [Worker-16: Download sources and javadoc] INFO  o.e.m.c.i.e.AbstractTransferListenerAdapter - Downloaded https://repo.maven.apache.org/maven2/commons-codec/commons-codec/1.11/commons-codec-1.11-sources.jar
2025-09-17 17:43:02,447 [Worker-16: Download sources and javadoc] INFO  o.e.m.j.internal.DownloadSourcesJob - Downloaded sources for commons-codec:commons-codec:1.11
2025-09-17 17:43:02,508 [Worker-16: Download sources and javadoc] INFO  o.e.m.c.i.e.AbstractTransferListenerAdapter - Downloading https://repo.maven.apache.org/maven2/org/apache/commons/commons-text/1.3/commons-text-1.3-sources.jar
2025-09-17 17:43:02,554 [Worker-16: Download sources and javadoc] INFO  o.e.m.c.i.e.AbstractTransferListenerAdapter - Downloaded https://repo.maven.apache.org/maven2/org/apache/commons/commons-text/1.3/commons-text-1.3-sources.jar
2025-09-17 17:43:02,557 [Worker-16: Download sources and javadoc] INFO  o.e.m.j.internal.DownloadSourcesJob - Downloaded sources for org.apache.commons:commons-text:1.3
2025-09-17 17:43:02,740 [Worker-16: Download sources and javadoc] INFO  o.e.m.c.i.e.AbstractTransferListenerAdapter - Downloading https://repo.maven.apache.org/maven2/org/apache/commons/commons-lang3/3.7/commons-lang3-3.7-sources.jar
2025-09-17 17:43:03,003 [Worker-16: Download sources and javadoc] INFO  o.e.m.c.i.e.AbstractTransferListenerAdapter - Downloaded https://repo.maven.apache.org/maven2/org/apache/commons/commons-lang3/3.7/commons-lang3-3.7-sources.jar
2025-09-17 17:43:03,007 [Worker-16: Download sources and javadoc] INFO  o.e.m.j.internal.DownloadSourcesJob - Downloaded sources for org.apache.commons:commons-lang3:3.7
2025-09-17 17:43:28,382 [Worker-16: Building] WARN  o.a.m.s.f.DefaultMavenResourcesFiltering - Using platform encoding (UTF-8 actually) to copy filtered resources, i.e. build is platform dependent!
2025-09-17 17:43:28,383 [Worker-16: Building] INFO  o.a.m.s.f.DefaultMavenResourcesFiltering - Copying 0 resource from src\main\resources to target\classes
2025-09-17 17:43:28,392 [Worker-16: Building] WARN  o.a.m.s.f.DefaultMavenResourcesFiltering - Using platform encoding (UTF-8 actually) to copy filtered resources, i.e. build is platform dependent!
2025-09-17 17:43:28,395 [Worker-16: Building] INFO  o.a.m.s.f.DefaultMavenResourcesFiltering - Copying 0 resource from src\test\resources to target\test-classes
2025-09-17 17:43:42,453 [Worker-14: Building] WARN  o.a.m.s.f.DefaultMavenResourcesFiltering - Using platform encoding (UTF-8 actually) to copy filtered resources, i.e. build is platform dependent!
2025-09-17 17:43:42,457 [Worker-14: Building] INFO  o.a.m.s.f.DefaultMavenResourcesFiltering - Copying 0 resource from src\main\resources to target\classes
2025-09-17 17:43:42,460 [Worker-14: Building] WARN  o.a.m.s.f.DefaultMavenResourcesFiltering - Using platform encoding (UTF-8 actually) to copy filtered resources, i.e. build is platform dependent!
2025-09-17 17:43:42,461 [Worker-14: Building] INFO  o.a.m.s.f.DefaultMavenResourcesFiltering - Copying 0 resource from src\test\resources to target\test-classes
2025-09-17 17:46:28,132 [Worker-21: Building] WARN  o.a.m.s.f.DefaultMavenResourcesFiltering - Using platform encoding (UTF-8 actually) to copy filtered resources, i.e. build is platform dependent!
2025-09-17 17:46:28,133 [Worker-21: Building] INFO  o.a.m.s.f.DefaultMavenResourcesFiltering - Copying 0 resource from src\main\resources to target\classes
2025-09-17 17:46:28,137 [Worker-21: Building] WARN  o.a.m.s.f.DefaultMavenResourcesFiltering - Using platform encoding (UTF-8 actually) to copy filtered resources, i.e. build is platform dependent!
2025-09-17 17:46:28,138 [Worker-21: Building] INFO  o.a.m.s.f.DefaultMavenResourcesFiltering - Copying 0 resource from src\test\resources to target\test-classes
2025-09-17 17:52:27,667 [Worker-23: Building] WARN  o.a.m.s.f.DefaultMavenResourcesFiltering - Using platform encoding (UTF-8 actually) to copy filtered resources, i.e. build is platform dependent!
2025-09-17 17:52:27,669 [Worker-23: Building] INFO  o.a.m.s.f.DefaultMavenResourcesFiltering - Copying 0 resource from src\main\resources to target\classes
2025-09-17 17:52:27,672 [Worker-23: Building] WARN  o.a.m.s.f.DefaultMavenResourcesFiltering - Using platform encoding (UTF-8 actually) to copy filtered resources, i.e. build is platform dependent!
2025-09-17 17:52:27,673 [Worker-23: Building] INFO  o.a.m.s.f.DefaultMavenResourcesFiltering - Copying 0 resource from src\test\resources to target\test-classes
2025-09-17 17:53:36,172 [Worker-25: Building] WARN  o.a.m.s.f.DefaultMavenResourcesFiltering - Using platform encoding (UTF-8 actually) to copy filtered resources, i.e. build is platform dependent!
2025-09-17 17:53:36,173 [Worker-25: Building] INFO  o.a.m.s.f.DefaultMavenResourcesFiltering - Copying 0 resource from src\main\resources to target\classes
2025-09-17 17:53:36,175 [Worker-25: Building] WARN  o.a.m.s.f.DefaultMavenResourcesFiltering - Using platform encoding (UTF-8 actually) to copy filtered resources, i.e. build is platform dependent!
2025-09-17 17:53:36,178 [Worker-25: Building] INFO  o.a.m.s.f.DefaultMavenResourcesFiltering - Copying 0 resource from src\test\resources to target\test-classes
2025-09-17 17:53:49,165 [Worker-23: Building] WARN  o.a.m.s.f.DefaultMavenResourcesFiltering - Using platform encoding (UTF-8 actually) to copy filtered resources, i.e. build is platform dependent!
2025-09-17 17:53:49,168 [Worker-23: Building] INFO  o.a.m.s.f.DefaultMavenResourcesFiltering - Copying 0 resource from src\main\resources to target\classes
2025-09-17 17:53:49,173 [Worker-23: Building] WARN  o.a.m.s.f.DefaultMavenResourcesFiltering - Using platform encoding (UTF-8 actually) to copy filtered resources, i.e. build is platform dependent!
2025-09-17 17:53:49,175 [Worker-23: Building] INFO  o.a.m.s.f.DefaultMavenResourcesFiltering - Copying 0 resource from src\test\resources to target\test-classes
2025-09-17 17:55:16,422 [Worker-25: Building] WARN  o.a.m.s.f.DefaultMavenResourcesFiltering - Using platform encoding (UTF-8 actually) to copy filtered resources, i.e. build is platform dependent!
2025-09-17 17:55:16,423 [Worker-25: Building] INFO  o.a.m.s.f.DefaultMavenResourcesFiltering - Copying 0 resource from src\main\resources to target\classes
2025-09-17 17:55:16,427 [Worker-25: Building] WARN  o.a.m.s.f.DefaultMavenResourcesFiltering - Using platform encoding (UTF-8 actually) to copy filtered resources, i.e. build is platform dependent!
2025-09-17 17:55:16,428 [Worker-25: Building] INFO  o.a.m.s.f.DefaultMavenResourcesFiltering - Copying 0 resource from src\test\resources to target\test-classes
2025-09-17 17:55:23,508 [Worker-25: Building] WARN  o.a.m.s.f.DefaultMavenResourcesFiltering - Using platform encoding (UTF-8 actually) to copy filtered resources, i.e. build is platform dependent!
2025-09-17 17:55:23,509 [Worker-25: Building] INFO  o.a.m.s.f.DefaultMavenResourcesFiltering - Copying 0 resource from src\main\resources to target\classes
2025-09-17 17:55:23,512 [Worker-25: Building] WARN  o.a.m.s.f.DefaultMavenResourcesFiltering - Using platform encoding (UTF-8 actually) to copy filtered resources, i.e. build is platform dependent!
2025-09-17 17:55:23,513 [Worker-25: Building] INFO  o.a.m.s.f.DefaultMavenResourcesFiltering - Copying 0 resource from src\test\resources to target\test-classes
2025-09-17 17:55:43,905 [Worker-27: Building] WARN  o.a.m.s.f.DefaultMavenResourcesFiltering - Using platform encoding (UTF-8 actually) to copy filtered resources, i.e. build is platform dependent!
2025-09-17 17:55:43,906 [Worker-27: Building] INFO  o.a.m.s.f.DefaultMavenResourcesFiltering - Copying 0 resource from src\main\resources to target\classes
2025-09-17 17:55:43,909 [Worker-27: Building] WARN  o.a.m.s.f.DefaultMavenResourcesFiltering - Using platform encoding (UTF-8 actually) to copy filtered resources, i.e. build is platform dependent!
2025-09-17 17:55:43,909 [Worker-27: Building] INFO  o.a.m.s.f.DefaultMavenResourcesFiltering - Copying 0 resource from src\test\resources to target\test-classes
2025-09-17 17:57:16,821 [Worker-26: Building] WARN  o.a.m.s.f.DefaultMavenResourcesFiltering - Using platform encoding (UTF-8 actually) to copy filtered resources, i.e. build is platform dependent!
2025-09-17 17:57:16,822 [Worker-26: Building] INFO  o.a.m.s.f.DefaultMavenResourcesFiltering - Copying 0 resource from src\main\resources to target\classes
2025-09-17 17:57:16,824 [Worker-26: Building] WARN  o.a.m.s.f.DefaultMavenResourcesFiltering - Using platform encoding (UTF-8 actually) to copy filtered resources, i.e. build is platform dependent!
2025-09-17 17:57:16,825 [Worker-26: Building] INFO  o.a.m.s.f.DefaultMavenResourcesFiltering - Copying 0 resource from src\test\resources to target\test-classes
2025-09-17 17:59:51,899 [Worker-23: Building] WARN  o.a.m.s.f.DefaultMavenResourcesFiltering - Using platform encoding (UTF-8 actually) to copy filtered resources, i.e. build is platform dependent!
2025-09-17 17:59:51,900 [Worker-23: Building] INFO  o.a.m.s.f.DefaultMavenResourcesFiltering - Copying 0 resource from src\main\resources to target\classes
2025-09-17 17:59:51,903 [Worker-23: Building] WARN  o.a.m.s.f.DefaultMavenResourcesFiltering - Using platform encoding (UTF-8 actually) to copy filtered resources, i.e. build is platform dependent!
2025-09-17 17:59:51,904 [Worker-23: Building] INFO  o.a.m.s.f.DefaultMavenResourcesFiltering - Copying 0 resource from src\test\resources to target\test-classes
2025-09-17 18:00:37,916 [Worker-24: Building] WARN  o.a.m.s.f.DefaultMavenResourcesFiltering - Using platform encoding (UTF-8 actually) to copy filtered resources, i.e. build is platform dependent!
2025-09-17 18:00:37,918 [Worker-24: Building] INFO  o.a.m.s.f.DefaultMavenResourcesFiltering - Copying 0 resource from src\main\resources to target\classes
2025-09-17 18:00:37,921 [Worker-24: Building] WARN  o.a.m.s.f.DefaultMavenResourcesFiltering - Using platform encoding (UTF-8 actually) to copy filtered resources, i.e. build is platform dependent!
2025-09-17 18:00:37,922 [Worker-24: Building] INFO  o.a.m.s.f.DefaultMavenResourcesFiltering - Copying 0 resource from src\test\resources to target\test-classes
2025-09-17 18:00:43,956 [Worker-25: Building] WARN  o.a.m.s.f.DefaultMavenResourcesFiltering - Using platform encoding (UTF-8 actually) to copy filtered resources, i.e. build is platform dependent!
2025-09-17 18:00:43,957 [Worker-25: Building] INFO  o.a.m.s.f.DefaultMavenResourcesFiltering - Copying 0 resource from src\main\resources to target\classes
2025-09-17 18:00:43,962 [Worker-25: Building] WARN  o.a.m.s.f.DefaultMavenResourcesFiltering - Using platform encoding (UTF-8 actually) to copy filtered resources, i.e. build is platform dependent!
2025-09-17 18:00:43,963 [Worker-25: Building] INFO  o.a.m.s.f.DefaultMavenResourcesFiltering - Copying 0 resource from src\test\resources to target\test-classes
2025-09-17 18:01:03,055 [Worker-27: Building] WARN  o.a.m.s.f.DefaultMavenResourcesFiltering - Using platform encoding (UTF-8 actually) to copy filtered resources, i.e. build is platform dependent!
2025-09-17 18:01:03,057 [Worker-27: Building] INFO  o.a.m.s.f.DefaultMavenResourcesFiltering - Copying 0 resource from src\main\resources to target\classes
2025-09-17 18:01:03,059 [Worker-27: Building] WARN  o.a.m.s.f.DefaultMavenResourcesFiltering - Using platform encoding (UTF-8 actually) to copy filtered resources, i.e. build is platform dependent!
2025-09-17 18:01:03,061 [Worker-27: Building] INFO  o.a.m.s.f.DefaultMavenResourcesFiltering - Copying 0 resource from src\test\resources to target\test-classes
2025-09-17 18:01:14,723 [Worker-26: Building] WARN  o.a.m.s.f.DefaultMavenResourcesFiltering - Using platform encoding (UTF-8 actually) to copy filtered resources, i.e. build is platform dependent!
2025-09-17 18:01:14,724 [Worker-26: Building] INFO  o.a.m.s.f.DefaultMavenResourcesFiltering - Copying 0 resource from src\main\resources to target\classes
2025-09-17 18:01:14,727 [Worker-26: Building] WARN  o.a.m.s.f.DefaultMavenResourcesFiltering - Using platform encoding (UTF-8 actually) to copy filtered resources, i.e. build is platform dependent!
2025-09-17 18:01:14,728 [Worker-26: Building] INFO  o.a.m.s.f.DefaultMavenResourcesFiltering - Copying 0 resource from src\test\resources to target\test-classes
2025-09-17 18:01:55,386 [Worker-22: Building] WARN  o.a.m.s.f.DefaultMavenResourcesFiltering - Using platform encoding (UTF-8 actually) to copy filtered resources, i.e. build is platform dependent!
2025-09-17 18:01:55,387 [Worker-22: Building] INFO  o.a.m.s.f.DefaultMavenResourcesFiltering - Copying 0 resource from src\main\resources to target\classes
2025-09-17 18:01:55,392 [Worker-22: Building] WARN  o.a.m.s.f.DefaultMavenResourcesFiltering - Using platform encoding (UTF-8 actually) to copy filtered resources, i.e. build is platform dependent!
2025-09-17 18:01:55,393 [Worker-22: Building] INFO  o.a.m.s.f.DefaultMavenResourcesFiltering - Copying 0 resource from src\test\resources to target\test-classes
2025-09-17 18:02:23,138 [Worker-24: Building] WARN  o.a.m.s.f.DefaultMavenResourcesFiltering - Using platform encoding (UTF-8 actually) to copy filtered resources, i.e. build is platform dependent!
2025-09-17 18:02:23,140 [Worker-24: Building] INFO  o.a.m.s.f.DefaultMavenResourcesFiltering - Copying 0 resource from src\main\resources to target\classes
2025-09-17 18:02:23,142 [Worker-24: Building] WARN  o.a.m.s.f.DefaultMavenResourcesFiltering - Using platform encoding (UTF-8 actually) to copy filtered resources, i.e. build is platform dependent!
2025-09-17 18:02:23,143 [Worker-24: Building] INFO  o.a.m.s.f.DefaultMavenResourcesFiltering - Copying 0 resource from src\test\resources to target\test-classes
2025-09-17 18:02:33,934 [Worker-28: Building] WARN  o.a.m.s.f.DefaultMavenResourcesFiltering - Using platform encoding (UTF-8 actually) to copy filtered resources, i.e. build is platform dependent!
2025-09-17 18:02:33,935 [Worker-28: Building] INFO  o.a.m.s.f.DefaultMavenResourcesFiltering - Copying 0 resource from src\main\resources to target\classes
2025-09-17 18:02:33,937 [Worker-28: Building] WARN  o.a.m.s.f.DefaultMavenResourcesFiltering - Using platform encoding (UTF-8 actually) to copy filtered resources, i.e. build is platform dependent!
2025-09-17 18:02:33,938 [Worker-28: Building] INFO  o.a.m.s.f.DefaultMavenResourcesFiltering - Copying 0 resource from src\test\resources to target\test-classes
2025-09-17 18:04:21,869 [Worker-25: Building] WARN  o.a.m.s.f.DefaultMavenResourcesFiltering - Using platform encoding (UTF-8 actually) to copy filtered resources, i.e. build is platform dependent!
2025-09-17 18:04:21,870 [Worker-25: Building] INFO  o.a.m.s.f.DefaultMavenResourcesFiltering - Copying 0 resource from src\main\resources to target\classes
2025-09-17 18:04:21,873 [Worker-25: Building] WARN  o.a.m.s.f.DefaultMavenResourcesFiltering - Using platform encoding (UTF-8 actually) to copy filtered resources, i.e. build is platform dependent!
2025-09-17 18:04:21,875 [Worker-25: Building] INFO  o.a.m.s.f.DefaultMavenResourcesFiltering - Copying 0 resource from src\test\resources to target\test-classes
2025-09-17 18:04:46,277 [Worker-22: Building] WARN  o.a.m.s.f.DefaultMavenResourcesFiltering - Using platform encoding (UTF-8 actually) to copy filtered resources, i.e. build is platform dependent!
2025-09-17 18:04:46,279 [Worker-22: Building] INFO  o.a.m.s.f.DefaultMavenResourcesFiltering - Copying 0 resource from src\main\resources to target\classes
2025-09-17 18:04:46,281 [Worker-22: Building] WARN  o.a.m.s.f.DefaultMavenResourcesFiltering - Using platform encoding (UTF-8 actually) to copy filtered resources, i.e. build is platform dependent!
2025-09-17 18:04:46,282 [Worker-22: Building] INFO  o.a.m.s.f.DefaultMavenResourcesFiltering - Copying 0 resource from src\test\resources to target\test-classes
2025-09-17 18:06:27,330 [Worker-27: Building] WARN  o.a.m.s.f.DefaultMavenResourcesFiltering - Using platform encoding (UTF-8 actually) to copy filtered resources, i.e. build is platform dependent!
2025-09-17 18:06:27,332 [Worker-27: Building] INFO  o.a.m.s.f.DefaultMavenResourcesFiltering - Copying 0 resource from src\main\resources to target\classes
2025-09-17 18:06:27,334 [Worker-27: Building] WARN  o.a.m.s.f.DefaultMavenResourcesFiltering - Using platform encoding (UTF-8 actually) to copy filtered resources, i.e. build is platform dependent!
2025-09-17 18:06:27,335 [Worker-27: Building] INFO  o.a.m.s.f.DefaultMavenResourcesFiltering - Copying 0 resource from src\test\resources to target\test-classes
2025-09-17 18:06:31,306 [Worker-27: Building] WARN  o.a.m.s.f.DefaultMavenResourcesFiltering - Using platform encoding (UTF-8 actually) to copy filtered resources, i.e. build is platform dependent!
2025-09-17 18:06:31,308 [Worker-27: Building] INFO  o.a.m.s.f.DefaultMavenResourcesFiltering - Copying 0 resource from src\main\resources to target\classes
2025-09-17 18:06:31,311 [Worker-27: Building] WARN  o.a.m.s.f.DefaultMavenResourcesFiltering - Using platform encoding (UTF-8 actually) to copy filtered resources, i.e. build is platform dependent!
2025-09-17 18:06:31,313 [Worker-27: Building] INFO  o.a.m.s.f.DefaultMavenResourcesFiltering - Copying 0 resource from src\test\resources to target\test-classes
2025-09-17 18:06:54,667 [Worker-27: Building] WARN  o.a.m.s.f.DefaultMavenResourcesFiltering - Using platform encoding (UTF-8 actually) to copy filtered resources, i.e. build is platform dependent!
2025-09-17 18:06:54,668 [Worker-27: Building] INFO  o.a.m.s.f.DefaultMavenResourcesFiltering - Copying 0 resource from src\main\resources to target\classes
2025-09-17 18:06:54,672 [Worker-27: Building] WARN  o.a.m.s.f.DefaultMavenResourcesFiltering - Using platform encoding (UTF-8 actually) to copy filtered resources, i.e. build is platform dependent!
2025-09-17 18:06:54,677 [Worker-27: Building] INFO  o.a.m.s.f.DefaultMavenResourcesFiltering - Copying 0 resource from src\test\resources to target\test-classes
2025-09-17 18:07:31,970 [Worker-25: Building] WARN  o.a.m.s.f.DefaultMavenResourcesFiltering - Using platform encoding (UTF-8 actually) to copy filtered resources, i.e. build is platform dependent!
2025-09-17 18:07:31,971 [Worker-25: Building] INFO  o.a.m.s.f.DefaultMavenResourcesFiltering - Copying 0 resource from src\main\resources to target\classes
2025-09-17 18:07:31,974 [Worker-25: Building] WARN  o.a.m.s.f.DefaultMavenResourcesFiltering - Using platform encoding (UTF-8 actually) to copy filtered resources, i.e. build is platform dependent!
2025-09-17 18:07:31,975 [Worker-25: Building] INFO  o.a.m.s.f.DefaultMavenResourcesFiltering - Copying 0 resource from src\test\resources to target\test-classes
